Iteration,Objective,Hyper choice BP,Hyper choice BE1,Hyper choice BE2,Hyper choice Exact,Average runtime,Quality BP,Quality BE1,Quality BE2,Quality Exact,Selection score BP,Selection score BE1,Selection score BE2,Selection score Exact,Exploration,Theta,Accepted columns BP,Accepted columns BE1,Accepted columns BE2,Accepted columns Exact,Active path BP,Active path BE1,Active path BE2,Active path Exact,No improvement,Total active paths
1,222.0,0,0,0,0,0,0,0,0,0,10000000000.0,10000000000.0,10000000000.0,10000000000.0,"[0, 0, 0, 0]",1,0,0,0,0,0,0,0,0,0,2
2,222.0,1,0,0,0,0,0,0,0,0,0,10000000000.0,10000000000.0,10000000000.0,"[0, 0, 0, 0]",0.98,1,0,0,0,0,0,0,0,1,2
3,222.0,1,1,0,0,0,0,0.0,0,0,0,0.01200000000000001,10000000000.0,10000000000.0,"[0, 1.1774100225154747, 0, 0]",0.96,1,1,0,0,0,0,0,0,2,2
4,222.0,1,1,1,0,0,0,0.0,0.08333333333333333,0,0,0.009000000000000008,0.08733333333333333,10000000000.0,"[0, 1.4823038073675112, 1.4823038073675112, 0]",0.94,1,1,1,0,0,0,0,0,3,2
5,222.0,1,1,1,1,0,0,0.0625,0.125,0.0,0,0.0655,0.123,0.008000000000000007,"[0, 1.6651092223153954, 1.6651092223153954, 1.6651092223153954]",0.9199999999999999,1,1,1,1,0,0,0,0,4,2
6,222.0,1,1,2,1,0,0,0.05,0.1,0.0,0,0.056081941875543884,0.09783611624891225,0.011081941875543889,"[0, 1.7941225779941015, 1.2686362411795196, 1.7941225779941015]",0.8999999999999999,1,1,2,1,0,0,0,0,5,2
7,222.0,1,1,3,1,0,0,0.041666666666666664,0.125,0.0,0,0.050634500387350345,0.11806433255863265,0.013967833720683687,"[0, 1.8930184728248454, 1.0929347248663588, 1.8930184728248454]",0.8799999999999999,1,1,3,1,0,0,0,0,6,2
8,222.0,1,1,4,1,0,0,0.03571428571428571,0.14285714285714285,0.0,0,0.04751428571428572,0.13125714285714285,0.016800000000000013,"[0, 1.9727697022487511, 0.9863848511243756, 1.9727697022487511]",0.8599999999999999,1,1,4,1,0,0,0,0,7,2
9,222.0,1,1,5,1,0,0,0.03125,0.1875,0.0,0,0.04586414405684265,0.1662717118863147,0.019614144056842652,"[0, 2.039333980337618, 0.9120178817720266, 2.039333980337618]",0.8399999999999999,1,1,5,1,0,0,0,0,8,2
10,222.0,1,1,6,1,0,0,0.027777777777777776,0.16666666666666666,0.0,0,0.04520071490341729,0.14582079241538765,0.022422937125639513,"[0, 2.09629414793641, 0.8558085022044397, 2.09629414793641]",0.8199999999999998,1,1,6,1,0,0,0,0,9,2
11,222.0,1,1,7,1,0,0,0.025,0.05,0.0,0,0.04523166375318982,0.049536672493620405,0.02523166375318982,"[0, 2.145966026289347, 0.8110989182221586, 2.145966026289347]",0.7999999999999998,1,1,7,1,0,0,0,0,10,2
12,222.0,1,1,8,1,0,0,0.022727272727272728,0.13636363636363635,0.0,0,0.0457699762681357,0.11627822928191044,0.02804270354086297,"[0, 2.189929347170073, 0.7742569458516938, 2.189929347170073]",0.7799999999999998,1,1,8,1,0,0,0,0,11,2
13,222.0,1,1,9,1,0,0,0.020833333333333332,0.0625,0.0,0,0.0466904761904762,0.05778571428571428,0.030857142857142875,"[0, 2.2293078072747154, 0.7431026024249052, 2.2293078072747154]",0.7599999999999998,1,1,9,1,0,0,0,0,12,2
14,222.0,1,1,10,1,0,0,0.019230769230769232,0.17307692307692307,0.0,0,0.0479062139104325,0.13872603371759656,0.033675444679663276,"[0, 2.2649279712439143, 0.7162331125355119, 2.2649279712439143]",0.7399999999999998,1,1,10,1,0,0,0,0,13,2
15,222.0,1,1,11,1,0,0,0.017857142857142856,0.14285714285714285,0.0,0,0.04935489908063466,0.11386163041015927,0.03649775622349181,"[0, 2.2974147773596556, 0.6926966185745332, 2.2974147773596556]",0.7199999999999998,1,1,11,1,0,0,0,0,14,2
16,222.0,1,1,12,1,0,0,0.016666666666666666,0.1,0.0,0,0.05099072740363696,0.08135187852605948,0.03932406073697029,"[0, 2.3272516843273356, 0.6718196932091985, 2.3272516843273356]",0.6999999999999997,1,1,12,1,0,0,0,0,15,2
17,222.0,1,1,13,1,0,0,0.015625,0.03125,0.0,0,0.052779256422656046,0.03294148715468796,0.04215425642265605,"[0, 2.3548200450309493, 0.6531095705268852, 2.3548200450309493]",0.6799999999999997,1,1,13,1,0,0,0,0,16,2
18,222.0,1,2,13,1,0,0,0.014705882352941176,0.04411764705882353,0.0,0,0.04605078479622318,0.04337329065712514,0.051399453958416455,"[0, 1.6832151805566085, 0.6602113116333653, 2.380425736735434]",0.6599999999999997,1,2,13,1,0,0,0,0,17,2
19,222.0,1,2,13,2,0,0,0.027777777777777776,0.05555555555555555,0.0,0,0.0629238956284174,0.05326331985427638,0.04514611785063963,"[0, 1.70010933704164, 0.6668377449858934, 1.70010933704164]",0.6399999999999997,1,2,13,2,0,0,0,0,18,2
20,222.0,1,3,13,2,0,0,0.039473684210526314,0.06578947368421052,0.0,0,0.06661584673763674,0.06103391373267086,0.051613397424429316,"[0, 1.4010565011605682, 0.6730457727223702, 1.71593676432625]",0.6199999999999997,1,3,13,2,0,0,0,0,19,2
21,222.0,1,4,13,2,0,0,0.075,0.0625,0.0,0,0.08541882309732503,0.059920329103279005,0.057160847799396,"[0, 1.2238734153404083, 0.6788828236441657, 1.7308183826022854]",0.5999999999999996,1,4,13,2,0,0,0,0,20,2
22,222.0,1,5,13,2,0,0,0.05952380952380952,0.07142857142857142,0.0,0,0.07388266620547793,0.06583789813979858,0.06223181660710451,"[0, 1.1035438256314831, 0.6843888275988037, 1.7448559934055943]",0.5799999999999996,1,5,13,2,0,0,0,0,21,2
23,222.0,1,6,13,2,0,0,0.09090909090909091,0.06818181818181818,0.0,0,0.08960268917468744,0.06446894179254944,0.06701927812367224,"[0, 1.0150603353755736, 0.689597703610124, 1.7581360736183977]",0.5599999999999996,1,6,13,2,0,0,0,0,22,2
24,222.0,1,7,13,2,0,0,0.010869565217391304,0.07608695652173914,0.0,0,0.044153681351433646,0.06917981742317138,0.07162302296452548,"[0, 0.9464964290822608, 0.6945384982328636, 1.7707326777153998]",0.5399999999999996,1,7,13,2,0,0,0,0,23,2
25,222.0,1,7,13,3,0,0,0.020833333333333332,0.08333333333333333,0.010416666666666666,0,0.05498717169508645,0.07573339279972074,0.07286276883852622,"[0, 0.9528984101673237, 0.69923626802038, 1.4555763647316127]",0.5199999999999996,1,7,13,3,0,0,0,0,24,2
26,222.0,1,7,14,3,0,0,0.02,0.14,0.01,0,0.056373126650771696,0.10279075231958323,0.07583612102964513,"[0, 0.958998856675648, 0.6781145947054967, 1.4648949506974214]",0.49999999999999956,1,7,14,3,0,0,0,0,25,2
27,222.0,1,7,15,3,0,0,0.019230769230769232,0.1346153846153846,0.009615384615384616,0,0.05781898137543722,0.09780745245887876,0.07883510462722254,"[0, 0.9648236756780976, 0.6591000468337092, 1.4737925086934687]",0.47999999999999954,1,7,15,3,0,0,0,0,26,2
28,222.0,1,7,16,3,0,0,0.018518518518518517,0.18518518518518517,0.009259259259259259,0,0.05931873068201753,0.1187863671686693,0.08185786511227615,"[0, 0.9703956285975514, 0.6418563766533297, 1.4823038073675112]",0.4599999999999995,1,7,16,3,0,0,0,0,27,2
29,222.0,1,7,17,3,0,0,0.017857142857142856,0.16071428571428573,0.008928571428571428,0,0.06086712908114259,0.10473020800360436,0.08490266291525313,"[0, 0.9757348161660676, 0.6261182476342725, 1.490459551094942]",0.4399999999999995,1,7,17,3,0,0,0,0,28,2
30,222.0,1,7,18,3,0,0,0.017241379310344827,0.09482758620689655,0.008620689655172414,0,0.06245958203990217,0.07426218556146805,0.08796788757104367,"[0, 0.9808590739006691, 0.6116730998741143, 1.4982869840780335]",0.4199999999999995,1,7,18,3,0,0,0,0,29,2
31,222.0,1,7,18,4,0,0,0.025,0.1,0.016666666666666666,0,0.07108973456867665,0.07809614276749136,0.08748078933049871,"[0, 0.9857842971334558, 0.6147445161891921, 1.3040700482838634]",0.39999999999999947,1,7,18,4,0,0,0,0,30,2
32,222.0,1,7,18,5,0,0,0.03225806451612903,0.10483870967741936,0.024193548387096774,0,0.07852509771892063,0.08116346539122252,0.08760175947050206,"[0, 0.9905247100812127, 0.6177006830429144, 1.1720046423944142]",0.37999999999999945,1,7,18,5,0,0,0,0,31,2
33,222.0,1,7,18,6,0,0,0.0390625,0.109375,0.0078125,0,0.08507542878839439,0.08365934159292457,0.07951522961868113,"[0, 0.995093090088952, 0.620549568509839, 1.0748233812739851]",0.35999999999999943,1,7,18,6,0,0,0,0,32,2
34,222.0,1,8,18,6,0,0,0.08333333333333333,0.11363636363636363,0.007575757575757576,0,0.09851207491857747,0.0854221913598597,0.08361118826701741,"[0, 0.9349475334833608, 0.6232983556555739, 1.0795844202695901]",0.3399999999999994,1,8,18,6,0,0,0,0,33,2
35,222.0,1,9,18,6,0,0,0.0661764705882353,0.11764705882352941,0.007352941176470588,0,0.09075707157826553,0.08684797362261515,0.08757142538735468,"[0, 0.8852319877506262, 0.6259535414617146, 1.0841833369893614]",0.3199999999999994,1,9,18,6,0,0,0,0,34,2
36,222.0,1,10,18,6,0,0,0.08571428571428572,0.12142857142857143,0.007142857142857143,0,0.09487626291825235,0.08797886559069147,0.09143058577677049,"[0, 0.8432494365831991, 0.628521020729477, 1.088630341528506]",0.2999999999999994,1,10,18,6,0,0,0,0,35,2
37,222.0,1,11,18,6,0,0,0.09027777777777778,0.125,0.006944444444444444,0,0.0941609879241636,0.0888484824096395,0.09521275188841916,"[0, 0.8071857889613214, 0.6310061576082818, 1.0929347248663588]",0.27999999999999936,1,11,18,6,0,0,0,0,36,2
38,222.0,1,11,18,7,0,0,0.0945945945945946,0.12837837837837837,0.006756756756756757,0,0.09773393228920114,0.09055402874268341,0.09344176869784523,"[0, 0.8102657154117267, 0.6334138468686281, 1.0157218281518146]",0.25999999999999934,1,11,18,7,0,0,0,0,37,2
39,222.0,1,12,18,7,0,0,0.08552631578947369,0.13157894736842105,0.006578947368421052,0,0.09346755128099776,0.09113521675589452,0.09708144248942356,"[0, 0.7786297964722373, 0.6357485666280329, 1.0194657087663106]",0.23999999999999935,1,12,18,7,0,0,0,0,38,2
40,222.0,1,12,18,8,0,0,0.08974358974358974,0.1346153846153846,0.01282051282051282,0,0.09668585285181704,0.09243847937209368,0.09705515495557653,"[0, 0.7814048935656049, 0.6380144239165101, 0.9570216358747652]",0.21999999999999936,1,12,18,8,0,0,0,0,39,2
41,222.0,1,12,18,9,0,0,0.09375,0.1375,0.01875,0,0.09952552257992875,0.09345293800916211,0.09702153941090917,"[0, 0.7841002756996854, 0.6402151942132804, 0.9054010104937463]",0.19999999999999937,1,12,18,9,0,0,0,0,40,2
42,222.0,1,13,18,9,0,0,0.07317073170731707,0.1402439024390244,0.018292682926829267,0,0.09378188191149962,0.09375020708973865,0.10017522807193252,"[0, 0.7558563219904763, 0.6423543558836515, 0.9084262419400938]",0.17999999999999938,1,13,18,9,0,0,0,0,41,2
43,222.0,1,13,18,10,0,0,0.07738095238095238,0.14285714285714285,0.0,0,0.09666155028436269,0.09448187841160219,0.0960946665421304,"[0, 0.758304750822859, 0.6444351202826454, 0.8646004416241492]",0.1599999999999994,1,13,18,10,0,0,0,0,42,2
44,222.0,1,14,18,10,0,0,0.05232558139534884,0.14534883720930233,0.0,0,0.09149810993610487,0.0945820297900779,0.09959427887846847,"[0, 0.7330172591705719, 0.6464604581611711, 0.8673177175284226]",0.1399999999999994,1,14,18,10,0,0,0,0,43,2
45,222.0,1,14,18,11,0,0,0.056818181818181816,0.14772727272727273,0.005681818181818182,0,0.09452380510525082,0.09507636199377265,0.09962710562824931,"[0, 0.7352540507410892, 0.6484331229045959, 0.8294784378717927]",0.1199999999999994,1,14,18,11,0,0,0,0,44,2
46,222.0,1,14,18,12,0,0,0.06111111111111111,0.15,0.016666666666666666,0,0.09726448836247814,0.09538972245692312,0.1001235669583766,"[0, 0.7374340154278521, 0.6503556710472884, 0.7965197726956018]",0.0999999999999994,1,14,18,12,0,0,0,0,45,2
47,222.0,1,14,18,13,0,0,0.06521739130434782,0.15217391304347827,0.03804347826086957,0,0.09974874732335548,0.09554273275147925,0.10114330253386095,"[0, 0.7395598494557513, 0.6522304804360951, 0.7674775262546876]",0.07999999999999939,1,14,18,13,0,0,0,0,46,2
48,222.0,1,14,18,14,0,0,0.06914893617021277,0.15425531914893617,0.0,0,0.10200046688881127,0.09555225771173913,0.09785153071859855,"[0, 0.7416340647236882, 0.6540597663576199, 0.7416340647236882]",0.05999999999999939,1,14,18,14,0,0,0,0,47,2
49,222.0,1,15,18,14,0,0,0.11979166666666667,0.15625,0.0,0,0.10248603651908485,0.0954323501823701,0.10112327996521175,"[0, 0.7184428542255249, 0.6558455958961928, 0.7436590050849815]",0.03999999999999938,1,15,18,14,0,0,0,0,48,2
50,222.0,1,16,18,14,0,0,0.0663265306122449,0.15816326530612246,0.0,0,0.09894082370176656,0.09519490341856499,0.10435406879803577,"[0, 0.6974794170897292, 0.6575899007495838, 0.7456368608790194]",0.02,1,16,18,14,0,0,0,0,49,2
51,222.0,1,16,18,15,0,0,0.07,0.16,0.0,0,0.10020344987489671,0.09635278588155279,0.10204376424355045,"[0, 0.6992874056341343, 0.6592944886963257, 0.7222209269956247]",0.02,1,16,18,15,0,0,0,0,50,2
52,222.0,1,16,18,16,0,0,0.07352941176470588,0.16176470588235295,0.0196078431372549,0,0.10137513380578911,0.09742620297665701,0.1002967024332401,"[0, 0.7010550649489244, 0.6609610538807467, 0.7010550649489244]",0.02,1,16,18,16,0,0,0,0,51,2
53,222.0,1,17,18,16,0,0,0.1201923076923077,0.16346153846153846,0.019230769230769232,0,0.10031893020415944,0.09842558824874927,0.10131317385478358,"[0, 0.681800705621555, 0.6625911860584781, 0.702784081224581]",0.02,1,17,18,16,0,0,0,0,52,2
54,222.0,1,17,18,17,0,0,0.12264150943396226,0.1650943396226415,0.009433962264150943,0,0.10138192889316006,0.09944368938349117,0.09911777794976383,"[0, 0.6834421455399496, 0.6641863789255511, 0.6834421455399496]",0.02,1,17,18,17,0,0,0,0,53,2
55,222.0,1,18,18,17,0,0,0.11574074074074074,0.16666666666666666,0.009259259259259259,0,0.09937682338974371,0.10039534190826223,0.10006116803532739,"[0, 0.6657480376375531, 0.6657480376375531, 0.6850490790974524]",0.02,1,18,18,17,0,0,0,0,54,2
56,222.0,1,18,19,17,0,0,0.11818181818181818,0.10454545454545454,0.00909090909090909,0,0.10028790703237483,0.0974033951973663,0.10094506140662253,"[0, 0.667277485611202, 0.6494802120264669, 0.6866228680786317]",0.02,1,18,19,17,0,0,0,0,55,2
57,222.0,1,18,19,18,0,0,0.12053571428571429,0.10714285714285714,0.026785714285714284,0,0.10128979789573778,0.09838468992281016,0.09941479789573779,"[0, 0.6687759706886696, 0.650938730299327, 0.6687759706886696]",0.02,1,18,19,18,0,0,0,0,56,2
58,222.0,1,19,19,18,0,0,0.11403508771929824,0.10526315789473684,0.02631578947368421,0,0.09939366117667583,0.0992182225801846,0.10030039694489395,"[0, 0.6523682579514305, 0.6523682579514305, 0.6702446707347126]",0.02,1,19,19,18,0,0,0,0,57,2
59,222.0,1,19,19,19,0,0,0.11637931034482758,0.10775862068965517,0.03879310344827586,0,0.10032758620689654,0.1001551724137931,0.0987758620689655,"[0, 0.6537698782765449, 0.6537698782765449, 0.6537698782765449]",0.02,1,19,19,19,0,0,0,0,58,2
60,222.0,1,20,19,19,0,0,0.1271186440677966,0.1059322033898305,0.038135593220338986,0,0.09887401467636152,0.1009528231702938,0.09959689096690398,"[0, 0.6385559837559835, 0.6551446159280785, 0.6551446159280785]",0.02,1,20,19,19,0,0,0,0,59,2
61,222.0,1,20,20,19,0,0,0.125,0.14583333333333334,0.0375,0,0.09965865937950588,0.10007532604617254,0.10043268124098824,"[0, 0.6398706558533608, 0.6398706558533608, 0.6564934410400778]",0.02,1,20,20,19,0,0,0,0,60,2
62,221.22533570470003,1,20,20,20,0,0,0.3214936247723133,0.20309653916211293,0.18397085610200364,0,0.3192786885245902,0.2020655737704918,0.1831311475409836,"[0, 0.6411609676339719, 0.6411609676339719, 0.6411609676339719]",0.99,1,20,20,20,0,7,2,5,0,18
63,221.14988939599996,1,21,20,20,0,0,0.30326825127334467,0.2018251273344652,0.17593378607809845,0,0.3012193720292286,0.20081497442681184,0.17518254658300877,"[0, 0.626945306724073, 0.6424277690951016, 0.6424277690951016]",0.99,1,21,20,20,0,8,2,5,0,19
64,220.9665424954,1,22,20,20,0,0,0.3916040100250626,0.17314118629908104,0.20154553049289892,0,0.3886564561274652,0.17242553133476363,0.2005458320866433,"[0, 0.6137170451357362, 0.6436718672112004, 0.6436718672112004]",0.99,1,22,20,20,0,9,1,6,0,19
65,220.6285723729999,1,23,20,20,0,0,0.3707932692307692,0.18689903846153846,0.1583533653846154,0,0.3680393040875888,0.18605306430235946,0.15779284795620563,"[0, 0.6013667826282618, 0.644894028764391, 0.644894028764391]",0.99,1,23,20,20,0,7,1,3,0,13
66,220.48560987189998,1,24,20,20,0,0,0.41855203619909503,0.17556561085972852,0.13054298642533937,0,0.41530669233448886,0.17483986650243885,0.1302674683123936,"[0, 0.58980132741851, 0.6460949829472162, 0.6460949829472162]",0.99,1,24,20,20,0,9,1,3,0,17
67,220.4514273972,1,25,20,20,0,0,0.410650623885918,0.1771390374331551,0.12990196078431374,0,0.4074711686301837,0.17640412156726112,0.12963941568490817,"[0, 0.578940739076215, 0.6472754237591928, 0.6472754237591928]",0.99,1,25,20,20,0,11,1,3,0,17
68,220.41714189790002,1,26,20,20,0,0,0.49751243781094523,0.17330016583747926,0.12437810945273631,0,0.493451849754406,0.1726098960183194,0.12417706019742385,"[0, 0.5687160045218571, 0.6484360122163918, 0.6484360122163918]",0.99,1,26,20,20,0,12,1,3,0,18
69,220.33333262800008,1,27,20,20,0,0,0.46911764705882353,0.1767156862745098,0.14044117647058824,0,0.46532905468441105,0.1759972373636768,0.14008547265779447,"[0, 0.5590671930182822, 0.6495773783912204, 0.6495773783912204]",0.99,1,27,20,20,0,9,1,3,0,15
70,220.22012628939993,1,28,20,20,0,0,0.4153079710144928,0.17617753623188406,0.13360507246376813,0,0.41204604255211297,0.17547018524568267,0.13332344611524788,"[0, 0.5499419777574761, 0.6507001232977645, 0.6507001232977645]",0.99,1,28,20,20,0,9,1,3,0,16
71,220.120878552,1,29,20,20,0,0,0.45625,0.17410714285714285,0.13303571428571428,0,0.452567699322349,0.17342597176739688,0.1327652574816826,"[0, 0.5412944410073625, 0.6518048206364663, 0.6518048206364663]",0.99,1,29,20,20,0,9,1,3,0,16
72,219.918918521,1,30,20,20,0,0,0.4619718309859155,0.17417840375586854,0.1387323943661972,0,0.4582218065217263,0.1735017727954749,0.13841022349970025,"[0, 0.533084100747172, 0.652892018410496, 0.652892018410496]",0.99,1,30,20,20,0,9,1,3,0,15
73,219.88311655749996,1,31,20,20,0,0,0.3306781045751634,0.17177287581699346,0.15584150326797386,0,0.32823092732917963,0.17112534515893957,0.15535328633541018,"[0, 0.525275111881694, 0.6539622404249389, 0.6539622404249389]",0.99,1,31,20,20,0,9,1,4,0,17
74,219.50746235600002,1,32,20,20,0,0,0.3835616438356164,0.17954990215264188,0.14481409001956946,0,0.3805759285795573,0.17882945253996693,0.14444099852822526,"[0, 0.5178356062224521, 0.655015987678804, 0.655015987678804]",0.99,1,32,20,20,0,7,1,3,0,14
75,218.85227235000002,1,33,20,20,0,0,0.44819819819819817,0.17860360360360358,0.10382882882882882,0,0.4445567768496446,0.17789728725085335,0.10387026022382632,"[0, 0.510737143637666, 0.6560537396588918, 0.6560537396588918]",0.99,1,33,20,20,0,10,1,2,0,15
76,218.65100739099998,1,34,20,20,0,0,0.37435897435897436,0.18512820512820513,0.1135897435897436,0,0.3714469437337024,0.1843611435177642,0.11353806659468726,"[0, 0.5039542529154285, 0.657075955543673, 0.657075955543673]",0.99,1,34,20,20,0,8,1,2,0,13
77,218.57894806700003,1,35,20,20,0,0,0.4168233082706767,0.18374060150375937,0.10761278195488722,0,0.41347795084350225,0.18299175766095563,0.1076252163075722,"[0, 0.4974640455226793, 0.658083075324562, 0.658083075324562]",0.99,1,35,20,20,0,9,1,2,0,14
78,218.57142841899997,1,36,20,20,0,0,0.487012987012987,0.18181818181818182,0.10714285714285714,0,0.4829573482265667,0.1810927544581452,0.10716418302957378,"[0, 0.49124588897650406, 0.6590755208512666, 0.6590755208512666]",0.99,1,36,20,20,0,9,1,2,0,14
79,218.57142841899997,1,37,20,20,0,0,0.48489010989010994,0.17994505494505492,0.10668498168498168,0,0.4727625701739885,0.17783712150641234,0.10677485044414131,"[0, 0.4852811292597865, 0.6600536968072819, 0.6600536968072819]",0.97,1,37,20,20,0,9,1,2,1,14
80,218.5537189616,1,38,20,20,0,0,0.4859855334538879,0.17811934900542498,0.1062386980108499,0,0.4819242280059027,0.1774388805720939,0.10627703608746457,"[0, 0.47955285381647705, 0.6610179916210316, 0.6610179916210316]",0.99,1,38,20,20,0,9,1,2,0,14
81,218.5537189616,1,39,20,20,0,0,0.40267857142857144,0.1794642857142857,0.10580357142857143,0,0.39297110135612373,0.1773939136076524,0.10594302075050957,"[0, 0.4740456883029953, 0.6619687783176696, 0.6619687783176696]",0.97,1,39,20,20,0,9,1,2,1,14
82,218.5537189616,1,40,20,20,0,0,0.3893298059964727,0.18077601410934746,0.10537918871252204,0,0.37378137382110516,0.17727818434165202,0.10565120021466788,"[0, 0.4687456215620813, 0.6629064153161017, 0.6629064153161017]",0.95,1,40,20,20,0,9,1,2,2,14
83,218.5537189616,1,41,20,20,0,0,0.4555749128919861,0.18205574912891986,0.10496515679442509,0,0.4291200646097916,0.1770941488797732,0.10539989800869307,"[0, 0.4636398543057912, 0.6638312471753837, 0.6638312471753837]",0.9299999999999999,1,41,20,20,0,9,1,2,3,14
84,218.5537189616,1,42,20,20,0,0,0.41480206540447506,0.18330464716006883,0.10456110154905335,0,0.3843960193058321,0.17684415902178272,0.1051875325157586,"[0, 0.45871666780666204, 0.6647436052942968, 0.6647436052942968]",0.9099999999999999,1,42,20,20,0,9,1,2,4,14
85,218.50649341800002,1,43,20,20,0,0,0.41964285714285715,0.18452380952380953,0.10416666666666666,0,0.4162092873844771,0.18379714202204717,0.1042435705934757,"[0, 0.4539653095466459, 0.6656438085675637, 0.6656438085675637]",0.99,1,43,20,20,0,9,1,2,0,14
86,218.50649341800002,1,44,20,20,0,0,0.40672268907563025,0.18571428571428572,0.10378151260504201,0,0.3967900230897132,0.18350834979968123,0.10403355988371482,"[0, 0.4493758932973959, 0.666532164001882, 0.666532164001882]",0.97,1,44,20,20,0,9,1,2,1,14
87,218.50649341800002,1,45,20,20,0,0,0.4696843853820598,0.1868770764119601,0.10340531561461794,0,0.44995016611295685,0.18315822259136208,0.10386004983388704,"[0, 0.44493931152978644, 0.6674089672946796, 0.6674089672946796]",0.95,1,45,20,20,0,9,1,2,2,14
88,218.50649341800002,1,46,20,20,0,0,0.49958949096880134,0.18513957307060758,0.10303776683087028,0,0.4698250746168429,0.1800763789477362,0.10372169914478052,"[0, 0.4406471583958907, 0.6682745033782588, 0.6682745033782588]",0.9299999999999999,1,46,20,20,0,9,1,2,3,14
89,218.50649341800002,1,47,20,20,0,0,0.4975649350649351,0.18344155844155846,0.10267857142857142,0,0.45942461858414824,0.17711155434428952,0.10361723616247132,"[0, 0.4364916618090887, 0.6691290469317713, 0.6691290469317713]",0.9099999999999999,1,47,20,20,0,9,1,2,4,14
90,218.50649341800002,1,48,20,20,0,0,0.43097913322632425,0.18459069020866775,0.1023274478330658,0,0.39162337744815834,0.1767597398473494,0.1035454541330637,"[0, 0.4324656233800622, 0.669972862863276, 0.669972862863276]",0.8899999999999999,1,48,20,20,0,9,1,2,5,14
91,218.50649341800002,1,49,20,20,0,0,0.48809523809523814,0.18293650793650795,0.10198412698412698,0,0.4340848243668899,0.17393377829274553,0.10350520686417408,"[0, 0.4285623651579858, 0.6708062067639405, 0.6708062067639405]",0.8699999999999999,1,49,20,20,0,9,1,2,6,14
92,218.49999947999996,1,50,20,20,0,0,0.451007326007326,0.18727106227106227,0.11355311355311355,0,0.44721801196730887,0.1865379720383236,0.11355720280755435,"[0, 0.42477568228498436, 0.6716293253362937, 0.6716293253362937]",0.99,1,50,20,20,0,7,1,2,0,12
93,218.49999947999996,1,51,20,20,0,0,0.365036231884058,0.18840579710144928,0.11322463768115942,0,0.3562311987276241,0.18618059628836187,0.11325487165068071,"[0, 0.4210998008040579, 0.6724424567982781, 0.6724424567982781]",0.97,1,51,20,20,0,7,1,2,1,12
94,218.49999947999996,1,52,20,20,0,0,0.35618279569892475,0.18951612903225806,0.11290322580645161,0,0.3419240332001265,0.18576513393757116,0.11298287587305503,"[0, 0.4175293399710537, 0.6732458312647214, 0.6732458312647214]",0.95,1,52,20,20,0,7,1,2,2,12
95,218.49999947999996,1,53,20,20,0,0,0.3847517730496454,0.1906028368794326,0.1125886524822695,0,0.36275363294696383,0.18529339629247552,0.11274020480311382,"[0, 0.41405927851383356, 0.6740396711077178, 0.6740396711077178]",0.9299999999999999,1,53,20,20,0,7,1,2,3,12
96,218.49999947999996,1,54,20,20,0,0,0.3521929824561404,0.19166666666666665,0.11228070175438595,0,0.3267947012101732,0.18476712307912393,0.11252589500894852,"[0, 0.4106849243596803, 0.6748241912972993, 0.6748241912972993]",0.9099999999999999,1,54,20,20,0,7,1,2,4,12
97,218.489360187,1,55,20,20,0,0,0.46726190476190477,0.18675595238095238,0.10007440476190475,0,0.4632842731513923,0.18604089913858957,0.1002261669957324,"[0, 0.4074018874177655, 0.6755995997236703, 0.6755995997236703]",0.99,1,55,20,20,0,9,1,2,0,14
98,218.45454366700002,1,56,20,20,0,0,0.43998527245949925,0.1877761413843888,0.09977908689248895,0,0.43627560800141496,0.18705328583728958,0.09993620189030872,"[0, 0.40420605505923507, 0.6763660975021872, 0.6763660975021872]",0.99,1,56,20,20,0,9,1,2,0,14
99,218.43859684499998,1,57,20,20,0,0,0.45408163265306123,0.18877551020408162,0.09948979591836735,0,0.45022631303899985,0.18804500674580618,0.09965214960294903,"[0, 0.4010935699848328, 0.6771238792621755, 0.6771238792621755]",0.99,1,57,20,20,0,9,1,2,0,14
100,218.43859684499998,1,58,20,20,0,0,0.38961038961038963,0.18975468975468973,0.0992063492063492,0,0.3799648039087447,0.18754068606871566,0.09970879573682535,"[0, 0.3980608102103631, 0.6778731334205973, 0.6778731334205973]",0.97,1,58,20,20,0,9,1,2,1,14
101,218.43859684499998,1,59,20,20,0,0,0.39392857142857146,0.19071428571428573,0.09892857142857142,0,0.37761424397862,0.18698752086783288,0.09979109229640429,"[0, 0.39510437093481987, 0.6786140424415112, 0.6786140424415112]",0.95,1,59,20,20,0,9,1,2,2,14
102,218.41176658200004,1,60,20,20,0,0,0.4014401440144014,0.20139513951395138,0.11813681368136814,0,0.3980977702874768,0.20054517426220217,0.11811943168794475,"[0, 0.3922210480856112, 0.6793467830821943, 0.6793467830821943]",0.99,1,60,20,20,0,6,1,2,0,11
103,218.41176658200004,1,61,20,20,0,0,0.4197860962566845,0.20231729055258468,0.1178698752228164,0,0.409195696275576,0.1997461803827111,0.11783218751283586,"[0, 0.3894078233607618, 0.6800715266267418, 0.6800715266267418]",0.97,1,60,20,20,0,6,1,2,1,11
104,218.41176658200004,1,62,20,20,0,0,0.42078552515445716,0.2032215357458076,0.1176081200353045,0,0.4030638322813814,0.19890166726619365,0.11756892234121573,"[0, 0.38666185060991604, 0.6807884391078947, 0.6807884391078947]",0.95,1,60,20,20,0,6,1,2,2,11
105,218.41176658200004,1,63,20,20,0,0,0.4169580419580419,0.20410839160839161,0.11735139860139861,0,0.3923867208543458,0.19801293327912078,0.11732892978261729,"[0, 0.3839804434149257, 0.6814976815178003, 0.6814976815178003]",0.9299999999999999,1,60,20,20,0,6,1,2,3,11
106,218.41176658200004,1,64,20,20,0,0,0.417965367965368,0.20497835497835498,0.1170995670995671,0,0.3862466320203485,0.1970812294443712,0.11711153247467426,"[0, 0.38136106374723494, 0.6821994100083584, 0.6821994100083584]",0.9099999999999999,1,60,20,20,0,6,1,2,4,11
107,218.41176658200004,1,65,20,20,0,0,0.41895368782161235,0.20583190394511147,0.116852487135506,0,0.38003404816876096,0.1961077615073862,0.11691608054683734,"[0, 0.37880131159354063, 0.6828937760817613, 0.6828937760817613]",0.8899999999999999,1,60,20,20,0,6,1,2,5,11
108,218.41176658200004,1,66,20,20,0,0,0.42459643160577737,0.2066694987255735,0.11661002548853017,0,0.3778164394783183,0.19509369190060294,0.11674195018437523,"[0, 0.376298915453623, 0.6835809267717983, 0.6835809267717983]",0.8699999999999999,1,60,20,20,0,6,1,2,6,11
109,218.41176658200004,1,67,20,20,0,0,0.4116161616161616,0.2074915824915825,0.11637205387205388,0,0.35952914438660083,0.19404014161141334,0.11658854228481401,"[0, 0.3738517236250749, 0.684261004816453, 0.684261004816453]",0.8499999999999999,1,60,20,20,0,6,1,2,7,11
110,218.41176658200004,1,68,20,20,0,0,0.42639699749791493,0.20829858215179314,0.11613844870725605,0,0.364788770377934,0.19294819195865595,0.11645528119969017,"[0, 0.37145769619912716, 0.6849341488222895, 0.6849341488222895]",0.8299999999999998,1,60,20,20,0,6,1,2,8,11
111,218.41176658200004,1,69,20,20,0,0,0.42727272727272725,0.2090909090909091,0.1159090909090909,0,0.35818040925336814,0.1918188862824068,0.11634161355513409,"[0, 0.36911489770006306, 0.6856004934210898, 0.6856004934210898]",0.8099999999999998,1,60,20,20,0,6,1,2,9,11
112,218.41176658200004,1,70,20,20,0,0,0.4236281736281736,0.20986895986895987,0.11568386568386568,0,0.3479527506560077,0.19065323155160296,0.11624700714537857,"[0, 0.36682149030799843, 0.686260169419174, 0.686260169419174]",0.7899999999999998,1,60,20,20,0,6,1,2,10,11
113,218.41176658200004,1,71,20,20,0,0,0.4178165584415584,0.21063311688311687,0.11546266233766234,0,0.33618935021239016,0.18945219989380485,0.11617094989380487,"[0, 0.3645757276112085, 0.6869133039398126, 0.6869133039398126]",0.7699999999999998,1,60,20,20,0,6,1,2,11,11
114,218.41176658200004,1,72,20,20,0,0,0.4054706355591311,0.21138374899436846,0.11524537409493162,0,0.3197451400585388,0.18821673005118103,0.1161129488766034,"[0, 0.36237594883982716, 0.6875600205591029, 0.6875600205591029]",0.7499999999999998,1,60,20,20,0,6,1,2,12,11
115,218.41176658200004,1,73,20,20,0,0,0.4240430622009569,0.2121212121212121,0.11503189792663476,0,0.3263529475704921,0.186947728766588,0.11607252940454657,"[0, 0.3602205735377273, 0.6882004394356702, 0.6882004394356702]",0.7299999999999998,1,60,20,20,0,6,1,2,13,11
116,218.41176658200004,1,74,20,20,0,0,0.4183794466403162,0.21284584980237153,0.11482213438735178,0,0.3149983696271665,0.18564607210341272,0.11604923415874871,"[0, 0.35810809663379917, 0.6888346774345242, 0.6888346774345242]",0.7099999999999997,1,60,20,20,0,6,1,2,14,11
117,218.41176658200004,1,75,20,20,0,0,0.4063479623824451,0.2135579937304075,0.11461598746081506,0,0.29946491198655056,0.18431260670264937,0.1160426223766306,"[0, 0.35603708387774685, 0.6894628482453833, 0.6894628482453833]",0.6899999999999997,1,60,20,20,0,6,1,2,15,11
118,218.41176658200004,1,76,20,20,0,0,0.3945221445221445,0.21425796425796428,0.11441336441336442,0,0.28453920697451524,0.18294815098049677,0.11605226908461491,"[0, 0.3540061676089897, 0.6900850624957591, 0.6900850624957591]",0.6699999999999997,1,60,20,20,0,6,1,2,16,11
119,218.41176658200004,1,77,20,20,0,0,0.4167950693374422,0.21494607087827428,0.11421417565485362,0,0.292239694671929,0.1815534962695824,0.11607776437435902,"[0, 0.3520140428303359, 0.6907014278590761, 0.6907014278590761]",0.6499999999999997,1,60,20,20,0,6,1,2,17,11
120,218.41176658200004,1,78,20,20,0,0,0.41558441558441556,0.21562261268143623,0.1140183346065699,0,0.2842438579832858,0.18012940790675275,0.11611871271958701,"[0, 0.3500594635608367, 0.6913120491580867, 0.6913120491580867]",0.6299999999999997,1,60,20,20,0,6,1,2,18,11
121,218.41176658200004,1,79,20,20,0,0,0.43314393939393936,0.2162878787878788,0.11382575757575758,0,0.28773576261110234,0.1786766262702063,0.11617473233081241,"[0, 0.34814123944467873, 0.6919170284638213, 0.6919170284638213]",0.6099999999999997,1,60,20,20,0,6,1,2,19,11
122,218.41176658200004,1,80,20,20,0,0,0.42355371900826444,0.21694214876033058,0.11363636363636365,0,0.2744966942148759,0.177195867768595,0.11624545454545454,"[0, 0.3462582325951522, 0.6925164651903044, 0.6925164651903044]",0.5899999999999996,1,60,20,20,0,6,1,2,20,11
123,218.41176658200004,1,81,20,20,0,0,0.42231743666169896,0.21758569299552905,0.11345007451564829,0,0.26639297734292167,0.17568782578457484,0.11633052325104284,"[0, 0.3444093546546909, 0.6931104561852502, 0.6931104561852502]",0.5699999999999996,1,60,20,20,0,6,1,2,21,11
124,218.41176658200004,1,82,20,20,0,0,0.41500369549150035,0.21821877309682186,0.11326681448632668,0,0.25498633977652946,0.17415317157514978,0.11642959433937747,"[0, 0.34259356405372615, 0.6936990958169411, 0.6936990958169411]",0.5499999999999996,1,60,20,20,0,6,1,2,22,11
125,218.41176658200004,1,83,20,20,0,0,0.43804985337243396,0.21884164222873903,0.11308651026392963,0,0.25995345278780435,0.17259255513102437,0.11654233518967544,"[0, 0.3408098634526697, 0.6942824760574788, 0.6942824760574788]",0.5299999999999996,1,60,20,20,0,6,1,2,23,11
126,218.41176658200004,1,84,20,20,0,0,0.4007272727272727,0.21945454545454546,0.1129090909090909,0,0.23320133346042946,0.1710066059970579,0.1166684241788761,"[0, 0.33905729735274837, 0.6948606865625873, 0.6948606865625873]",0.5099999999999996,1,60,20,20,0,6,1,2,24,11
127,218.41176658200004,1,85,20,20,0,0,0.4175685425685426,0.22005772005772006,0.11273448773448774,0,0.23447328340355458,0.16939593405579834,0.11680755021741454,"[0, 0.3373349498626822, 0.6954338147481381, 0.6954338147481381]",0.48999999999999955,1,60,20,20,0,6,1,2,25,11
128,218.41176658200004,1,86,20,20,0,0,0.3947745168217609,0.22065139584824622,0.11256263421617753,0,0.21643407445164853,0.16776113027596512,0.1169594123088929,"[0, 0.3356419426093406, 0.696001945863558, 0.696001945863558]",0.46999999999999953,1,60,20,20,0,6,1,2,26,11
129,218.41176658200004,1,87,20,20,0,0,0.4055397727272727,0.22123579545454547,0.11239346590909091,0,0.2143995787810694,0.16610276742764696,0.11712371913219247,"[0, 0.3339774327815392, 0.6965651630622663, 0.6965651630622663]",0.4499999999999995,1,60,20,20,0,6,1,2,27,11
130,218.41176658200004,1,88,20,20,0,0,0.37350246652572233,0.22181113460183227,0.11222692036645525,0,0.1935208348318667,0.1644214007658847,0.11730018864467265,"[0, 0.3323406112970708, 0.6971235474692898, 0.6971235474692898]",0.4299999999999995,1,60,20,20,0,6,1,2,28,11
131,218.41176658200004,1,89,20,20,0,0,0.36695804195804194,0.22237762237762237,0.11206293706293707,0,0.18436731018401167,0.16271756868421777,0.11748854770519687,"[0, 0.33073070108390495, 0.6976771782461845, 0.6976771782461845]",0.4099999999999995,1,60,20,20,0,6,1,2,29,11
132,218.41176658200004,1,90,20,20,0,0,0.4196738376127689,0.2229354614850798,0.11190145732130466,0,0.1985788699479696,0.1609917933396861,0.11768853171581384,"[0, 0.3291469554672486, 0.6982261326533942, 0.6982261326533942]",0.38999999999999946,1,60,20,20,0,6,1,2,30,11
133,218.41176658200004,1,91,20,20,0,0,0.4147727272727273,0.2234848484848485,0.11174242424242424,0,0.1893555344682995,0.15924458125069857,0.11789988428100166,"[0, 0.3275886566548531, 0.6987704861101656, 0.6987704861101656]",0.36999999999999944,1,60,20,20,0,6,1,2,31,11
134,218.41176658200004,1,92,20,20,0,0,0.3817498291182502,0.22402597402597402,0.11158578263841422,0,0.17047777427136218,0.15747642386910343,0.11812235688345758,"[0, 0.3260551143135745, 0.6993103122521327, 0.6993103122521327]",0.3499999999999994,1,60,20,20,0,6,1,2,32,11
135,218.41176658200004,1,93,20,20,0,0,0.42011533242876525,0.22455902306648573,0.11143147896879241,0,0.17647141866992883,0.155687798127722,0.11835570857548325,"[0, 0.32454566423076325, 0.6998456829866789, 0.6998456829866789]",0.3299999999999994,1,60,20,20,0,6,1,2,33,11
136,218.41176658200004,1,94,20,20,0,0,0.3986531986531986,0.2250841750841751,0.11127946127946128,0,0.1623763462055982,0.1538791669645408,0.11859970568507956,"[0, 0.32305966705457584, 0.7003766685461781, 0.7003766685461781]",0.3099999999999994,1,60,20,20,0,6,1,2,34,11
137,218.41176658200004,1,95,20,20,0,0,0.4124331550802139,0.22560160427807485,0.11112967914438503,0,0.15935258580515976,0.15205097982469268,0.11885412153592269,"[0, 0.3215965071077683, 0.7009033375392111, 0.7009033375392111]",0.28999999999999937,1,60,20,20,0,6,1,2,35,11
138,218.41176658200004,1,96,20,20,0,0,0.43331121433311215,0.2261114797611148,0.11098208360982084,0,0.15768688065834943,0.15020367314129623,0.11911873618044692,"[0, 0.32015559126996246, 0.7014257569998499, 0.7014257569998499]",0.26999999999999935,1,60,20,20,0,6,1,2,36,11
139,218.41176658200004,1,97,20,20,0,0,0.42671277997364954,0.22661396574440051,0.11083662714097497,0,0.1483098362732782,0.14833767079616703,0.11939333614531071,"[0, 0.31873634792376193, 0.7019439924350949, 0.7019439924350949]",0.24999999999999936,1,60,20,20,0,6,1,2,37,11
140,217.49999890700002,1,97,21,20,0,0,0.4623685666851135,0.143469839513005,0.05824571112340897,0,0.45830547480402767,0.14323996758405866,0.058897833760225844,"[0, 0.3189697957174225, 0.6855289187141554, 0.7024581078705471]",0.99,1,60,21,20,0,8,2,1,0,13
141,216.80487809200005,1,98,21,20,0,0,0.39821428571428574,0.1375,0.055357142857142855,0,0.3947904027412679,0.1373309791837792,0.05603933236066719,"[0, 0.317568646688198, 0.6860266843768371, 0.7029681658943955]",0.99,1,61,21,20,0,9,2,1,0,14
142,216.08333338799994,1,99,21,20,0,0,0.4796099290780142,0.14893617021276595,0.061170212765957445,0,0.4753697868529753,0.14865392505994499,0.061795437023249945,"[0, 0.3161881517077562, 0.6865205501296388, 0.7034742276997906]",0.99,1,62,21,20,0,7,2,1,0,12
143,216.08333338799994,1,100,21,20,0,0,0.47828638497652587,0.14847417840375587,0.06103286384976525,0,0.4655988473067523,0.14764466978321963,0.06291610732317367,"[0, 0.3148277960282815, 0.6870105743693893, 0.7039763531256757]",0.97,1,63,21,20,0,7,2,1,1,12
144,216.08333338799994,1,101,21,20,0,0,0.3563519813519814,0.14976689976689977,0.060897435897435896,0,0.34129159170844964,0.14832528779897383,0.06404862165807772,"[0, 0.313487082818823, 0.6874968142097552, 0.7044746006961434]",0.95,1,64,21,20,0,7,2,1,2,12
145,216.08333338799994,1,102,21,20,0,0,0.3732638888888889,0.14930555555555555,0.06076388888888889,0,0.350980013931007,0.14732724635849978,0.06519273971049326,"[0, 0.31216553236949374, 0.6879793255182683, 0.7049690276583788]",0.9299999999999999,1,65,21,20,0,7,2,1,3,12
146,216.08333338799994,1,103,21,20,0,0,0.47097701149425286,0.14885057471264368,0.06063218390804598,0,0.43351246633098256,0.14635769652630287,0.06634822794731224,"[0, 0.31086268133847006, 0.6884581629520364, 0.7054596900192508]",0.9099999999999999,1,66,21,20,0,7,2,1,4,12
147,216.08333338799994,1,104,21,20,0,0,0.3567351598173516,0.15011415525114155,0.06050228310502283,0,0.32348803105662993,0.14694003194212946,0.06751485937566984,"[0, 0.309578082039098, 0.6889333799921881, 0.7059466425806087]",0.8899999999999999,1,67,21,20,0,7,2,1,5,12
148,215.69230637899997,1,105,21,20,0,0,0.35969387755102045,0.14965986394557823,0.06037414965986394,0,0.3566396937735589,0.149376902376887,0.06101401609445209,"[0, 0.3083113017646052, 0.6894050289771081, 0.7064299389733376]",0.99,1,68,21,20,0,7,2,1,0,12
149,215.49999956599999,1,106,21,20,0,0,0.49774774774774777,0.14921171171171171,0.06024774774774774,0,0.4933109215152748,0.1489342707122105,0.06088994290764995,"[0, 0.30706192214809896, 0.6898731611345126, 0.7069096316902264]",0.99,1,69,21,20,0,7,2,1,0,12
150,215.49999956599999,1,107,21,20,0,0,0.4946868008948546,0.1487695749440716,0.06012304250559284,0,0.48146191743859623,0.1479535946180558,0.062056523737531406,"[0, 0.3058295385556898, 0.6903378266124119, 0.7073857721176938]",0.97,1,70,21,20,0,7,2,1,1,12
151,215.49999956599999,1,108,21,20,0,0,0.49,0.14833333333333332,0.06,0,0.4681826064299413,0.14700024622017027,0.06323381401655503,"[0, 0.30461375951073516, 0.6907990745090069, 0.707858410566425]",0.95,1,71,21,20,0,7,2,1,2,12
152,215.49999956599999,1,109,21,20,0,0,0.3446467991169978,0.14955849889624723,0.05987858719646799,0,0.3242629811857958,0.14761342430255042,0.06442160775668691,"[0, 0.3034142061473341, 0.6912569529015637, 0.7083275963009577]",0.9299999999999999,1,72,21,20,0,7,2,1,3,12
153,215.14285548799998,1,110,21,20,0,0,0.362390350877193,0.14912280701754385,0.05975877192982456,0,0.35929893852122596,0.14885028534702227,0.06040998665806759,"[0, 0.3022305116913331, 0.6917115088743061, 0.708793377568264]",0.99,1,73,21,20,0,7,2,1,0,12
154,215.14285548799998,1,111,21,20,0,0,0.33415032679738566,0.1503267973856209,0.05964052287581699,0,0.32571735371553745,0.14947604482618734,0.06160071910533403,"[0, 0.301062320967221, 0.6921627885453672, 0.7092558016253682]",0.97,1,74,21,20,0,7,2,1,1,12
155,215.14285548799998,1,112,21,20,0,0,0.367965367965368,0.14989177489177488,0.05952380952380952,0,0.35220988345916127,0.14850043411315345,0.06280158718959004,"[0, 0.2999092899294013, 0.6926108370928373, 0.7097149147660369]",0.95,1,75,21,20,0,7,2,1,2,12
156,215.14285548799998,1,113,21,20,0,0,0.3255376344086022,0.1510752688172043,0.05940860215053763,0,0.306436370055601,0.14905122835262075,0.06401240159177826,"[0, 0.29877108521642887, 0.6930556987799443, 0.7101707623465815]",0.9299999999999999,1,76,21,20,0,7,2,1,3,12
157,215.0,1,114,21,20,0,0,0.3621794871794872,0.14583333333333334,0.05608974358974359,0,0.35908240663522606,0.14559754738556877,0.05678158444074372,"[0, 0.29764738372689514, 0.6934974169793993, 0.7106233888108058]",0.99,1,77,21,20,0,8,2,1,0,13
158,215.00000006499997,1,115,21,20,0,0,0.40323370896619304,0.14539441450269475,0.05597746202841744,0,0.3927051769994383,0.1447030215247312,0.05805921940821656,"[0, 0.296537872215728, 0.6939360341969436, 0.7110728377141337]",0.97,1,78,21,20,0,8,2,1,0,13
159,214.9375,1,116,21,20,0,0,0.4880720545277507,0.14496105160662123,0.0558666017526777,0,0.4837122941622544,0.14473584265544978,0.05656257399047496,"[0, 0.2954422469097567, 0.6943715920941252, 0.7115191517469481]",0.99,1,79,21,20,0,8,2,1,0,13
160,214.9375,1,117,21,20,0,0,0.42718916303821963,0.14453313981615867,0.05575713594581519,0,0.41593083357652366,0.14387308411561367,0.05785113794405037,"[0, 0.2943602131414633, 0.6948041315103355, 0.7119623727571726]",0.97,1,80,21,20,0,8,2,1,1,13
161,214.88235166099994,1,118,21,20,0,0,0.4233173076923077,0.14411057692307694,0.055649038461538465,0,0.41960142552965374,0.14389568497459837,0.05634904334190176,"[0, 0.29329148499991387, 0.6952336924841361, 0.7124025417721238]",0.99,1,81,21,20,0,8,2,1,0,13
162,214.32258198799997,1,119,21,20,0,0,0.4045031055900621,0.15165631469979296,0.017080745341614908,0,0.4009735616285558,0.15136685628294666,0.018167346063652754,"[0, 0.2922357849979231, 0.6956603142739013, 0.7128396990196648]",0.99,1,82,21,20,0,9,2,0,0,12
163,214.32258198799997,1,120,21,20,0,0,0.4691358024691358,0.15123456790123457,0.016975308641975308,0,0.456602838281745,0.1503814881175816,0.020240982242648656,"[0, 0.2911928437545694, 0.6960840353778027, 0.7132738839486824]",0.97,1,83,21,20,0,9,2,0,1,12
164,214.32258198799997,1,121,21,20,0,0,0.4363496932515337,0.1523517382413088,0.01687116564417178,0,0.41709190428999676,0.15087843668004078,0.022323626310125994,"[0, 0.2901623996922294, 0.6965048935531618, 0.713705135248918]",0.95,1,84,21,20,0,9,2,0,2,12
165,214.32258198799997,1,122,21,20,0,0,0.4878048780487805,0.15193089430894308,0.01676829268292683,0,0.4572298964110871,0.14990376378866177,0.024415120288055966,"[0, 0.28914419874735364, 0.6969229258351928, 0.7141334908701733]",0.9299999999999999,1,85,21,20,0,9,2,0,3,12
166,214.32258198799997,1,123,21,20,0,0,0.5674242424242424,0.1515151515151515,0.016666666666666666,0,0.5209322753022012,0.14895392979179115,0.026515310057522702,"[0, 0.2881379940942531, 0.6973381685551601, 0.7145589880409161]",0.9099999999999999,1,86,21,20,0,9,2,0,4,12
167,214.32258198799997,1,124,21,20,0,0,0.40512048192771083,0.15261044176706828,0.016566265060240965,0,0.36613159890389485,0.14936885384935197,0.02862404523872104,"[0, 0.28714354588121005, 0.6977506573579708, 0.7149816632863072]",0.8899999999999999,1,87,21,20,0,9,2,0,5,12
168,214.32258198799997,1,125,21,20,0,0,0.42889221556886226,0.1536926147704591,0.016467065868263474,0,0.379702160252947,0.1497318103721703,0.03074117907548145,"[0, 0.2861606209782682, 0.6981604272192238, 0.7154015524456706]",0.8699999999999999,1,88,21,20,0,9,2,0,6,12
169,214.32258198799997,1,126,21,20,0,0,0.4806547619047619,0.15327380952380953,0.01636904761904762,0,0.41610755489673656,0.14877885296961835,0.032866568324121256,"[0, 0.2851889927360969, 0.6985675124617355, 0.7158186906894273]",0.8499999999999999,1,88,21,20,0,9,2,0,7,12
170,214.32258198799997,1,127,21,20,0,0,0.46967455621301774,0.15285996055226825,0.016272189349112426,0,0.3983595772747801,0.14784991565373912,0.035000073146431374,"[0, 0.28422844075535725, 0.698971946771561, 0.7162331125355119]",0.8299999999999998,1,88,21,20,0,9,2,0,8,12
171,214.32258198799997,1,128,21,20,0,0,0.4661764705882353,0.15245098039215688,0.016176470588235296,0,0.38710503840410104,0.1469445810598694,0.03714155700661773,"[0, 0.28327875066603625, 0.6993737632135292, 0.7166448518652919]",0.8099999999999998,1,88,21,20,0,9,2,0,9,12
172,214.32258198799997,1,129,21,20,0,0,0.4554093567251462,0.15204678362573099,0.01608187134502924,0,0.37024170107238397,0.14606244159535675,0.039290886572025306,"[0, 0.28233971391624096, 0.6997729942463083, 0.7170539419390051]",0.7899999999999998,1,88,21,20,0,9,2,0,10,12
173,214.32258198799997,1,130,21,20,0,0,0.44622093023255816,0.15164728682170542,0.015988372093023256,0,0.3550185428729204,0.1452030991530088,0.04144793161748161,"[0, 0.28141112756997894, 0.7001696717370218, 0.7174604154107356]",0.7699999999999998,1,88,21,20,0,9,2,0,11,12
174,214.32258198799997,1,131,21,20,0,0,0.4515895953757225,0.151252408477842,0.015895953757225433,0,0.3510747384403643,0.1443661648346236,0.04361256493310444,"[0, 0.2804927941134753, 0.7005638269754264, 0.7178643043429433]",0.7499999999999998,1,88,21,20,0,9,2,0,12,12
175,214.32258198799997,1,132,21,20,0,0,0.4755747126436782,0.15086206896551724,0.015804597701149427,0,0.3605002859769371,0.1435512586841881,0.04578466223542638,"[0, 0.2795845212696037, 0.7009554906876707, 0.7182656402205614]",0.7299999999999998,1,88,21,20,0,9,2,0,13,12
176,214.32258198799997,1,133,21,20,0,0,0.47785714285714287,0.15047619047619049,0.015714285714285715,0,0.3535516980117637,0.14275800943035002,0.0479641020816957,"[0, 0.2786861218200333, 0.7013446930496489, 0.7186644539646798]",0.7099999999999997,1,88,21,20,0,9,2,0,14,12
177,214.32258198799997,1,134,21,20,0,0,0.45454545454545453,0.15009469696969696,0.015625,0,0.3288461345204464,0.14198605423778765,0.05015076578722036,"[0, 0.2777974134347136, 0.7017314636999616, 0.7190607759458272]",0.6899999999999997,1,88,21,20,0,9,2,0,15,12
178,214.32258198799997,1,135,21,20,0,0,0.4738700564971752,0.1497175141242938,0.015536723163841809,0,0.33363370102341094,0.14123503846711938,0.052344537345627815,"[0, 0.2769182185083432, 0.7021158317525018, 0.719454635996866]",0.6699999999999997,1,88,21,20,0,9,2,0,16,12
179,214.32258198799997,1,136,21,20,0,0,0.4901685393258427,0.14934456928838952,0.01544943820224719,0,0.33567573663578104,0.14050461544301035,0.05454530335192011,"[0, 0.27604836400348626, 0.7024978258086731, 0.7198460634255136]",0.6499999999999997,1,88,21,20,0,9,2,0,17,12
180,214.32258198799997,1,137,21,20,0,0,0.46997206703910616,0.148975791433892,0.015363128491620111,0,0.3140685226293497,0.13979444623015094,0.05675295292820873,"[0, 0.27518768130001947, 0.7028774739692583, 0.7202350870265039]",0.6299999999999997,1,88,21,20,0,9,2,0,18,12
181,214.32258198799997,1,138,21,20,0,0,0.4527777777777778,0.1486111111111111,0.015277777777777777,0,0.29509508959785247,0.13910419941679436,0.05896737765201973,"[0, 0.27433600605060965, 0.7032548038459467, 0.7206217350933991]",0.6099999999999997,1,88,21,20,0,9,2,0,19,12
182,214.32258198799997,1,139,21,20,0,0,0.48135359116022103,0.14825046040515655,0.015193370165745856,0,0.3038084564287406,0.1384335509055575,0.06118847148706462,"[0, 0.27349317804193857, 0.7036298425725348, 0.7210060354300667]",0.5899999999999996,1,88,21,20,0,9,2,0,20,12
183,214.32258198799997,1,140,21,20,0,0,0.4848901098901099,0.1478937728937729,0.01510989010989011,0,0.29710113612187344,0.1377821837111997,0.06341613071637725,"[0, 0.2726590410614063, 0.7040026168158072, 0.7213880153618297]",0.5699999999999996,1,88,21,20,0,9,2,0,21,12
184,214.32258198799997,1,141,21,20,0,0,0.4842896174863388,0.14754098360655737,0.015027322404371584,0,0.28797181628066654,0.13714978776510883,0.06565025387772176,"[0, 0.27183344276905985, 0.7043731527861136, 0.7217677017463043]",0.5499999999999996,1,88,21,20,0,9,2,0,22,12
185,214.32258198799997,1,142,21,20,0,0,0.47010869565217395,0.14719202898550726,0.014945652173913044,0,0.2716637782827286,0.13653605972623523,0.06789074170118099,"[0, 0.27101623457450563, 0.704741476247647, 0.7221451209839326]",0.5299999999999996,1,88,21,20,0,9,2,0,23,12
186,214.32258198799997,1,143,21,20,0,0,0.47094594594594597,0.14684684684684685,0.014864864864864866,0,0.2635772055583411,0.1359407027982254,0.0701374970488388,"[0, 0.27020727151857893, 0.7051076125284386, 0.7225202990282228]",0.5099999999999996,1,88,21,20,0,9,2,0,24,12
187,214.32258198799997,1,144,21,20,0,0,0.48118279569892475,0.146505376344086,0.01478494623655914,0,0.2600579765479961,0.1353634265525191,0.07239042485647386,"[0, 0.26940641215955374, 0.7054715865300724, 0.7228932613957058]",0.48999999999999955,1,88,21,20,0,9,2,0,25,12
188,214.32258198799997,1,145,21,20,0,0,0.4872994652406417,0.14616755793226383,0.014705882352941176,0,0.25418788676277915,0.13480394675718263,0.074649432077186,"[0, 0.26861351846368897, 0.705833422737134, 0.7232640331756162]",0.46999999999999953,1,88,21,20,0,9,2,0,26,12
189,214.32258198799997,1,146,21,20,0,0,0.4747340425531915,0.14583333333333331,0.014627659574468085,0,0.23966135311930498,0.13426198521126154,0.07691442762688012,"[0, 0.2678284556999163, 0.7061931452264013, 0.7236326390393091]",0.4499999999999995,1,88,21,20,0,9,2,0,27,12
190,214.32258198799997,1,147,21,20,0,0,0.4358465608465608,0.1468253968253968,0.01455026455026455,0,0.214314180570791,0.13430605265322895,0.07918532233153544,"[0, 0.26705109233848645, 0.7065507776757816, 0.72399910324942]",0.4299999999999995,1,88,21,20,0,9,2,0,28,12
191,214.32258198799997,1,148,21,20,0,0,0.4934210526315789,0.14649122807017545,0.014473684210526316,0,0.23006720979178397,0.13376900694605928,0.08146202887619165,"[0, 0.26628129995339783, 0.7069063433730092, 0.7243634496687755]",0.4099999999999995,1,88,21,20,0,9,2,0,29,12
192,214.32258198799997,1,149,21,20,0,0,0.49149214659685864,0.14616055846422338,0.014397905759162303,0,0.2203062900664117,0.13324898639789706,0.08374446175558632,"[0, 0.2655189531284435, 0.7072598652241069, 0.7247257017690645]",0.38999999999999946,1,88,21,20,0,9,2,0,30,12
193,214.32258198799997,1,150,21,20,0,0,0.453125,0.14583333333333331,0.014322916666666666,0,0.19713579469045284,0.1327457305831663,0.08603253722638067,"[0, 0.2647639293667167, 0.7076113657616212, 0.7250858826392762]",0.36999999999999944,1,88,21,20,0,9,2,0,31,12
194,214.32258198799997,1,151,21,20,0,0,0.4216321243523316,0.1468048359240069,0.014248704663212436,0,0.17790145713802397,0.13271235232990494,0.08832617326091376,"[0, 0.26401610900342753, 0.7079608671526365, 0.725444014993913]",0.3499999999999994,1,88,21,20,0,9,2,0,32,12
195,214.32258198799997,1,152,21,20,0,0,0.4768041237113402,0.14647766323024053,0.014175257731958763,0,0.18852177930550518,0.13221375593433504,0.09062528950242763,"[0, 0.2632753751218866, 0.7083083912065777, 0.7258001211809851]",0.3299999999999994,1,88,21,20,0,9,2,0,33,12
196,214.32258198799997,1,153,21,20,0,0,0.4480769230769231,0.14615384615384613,0.014102564102564103,0,0.17092206309147423,0.1317314630201502,0.09292980722170868,"[0, 0.2625416134725215, 0.7086539593828064, 0.7261542231897951]",0.3099999999999994,1,88,21,20,0,9,2,0,34,12
197,214.32258198799997,1,154,21,20,0,0,0.4464285714285714,0.14583333333333331,0.01403061224489796,0,0.16231995121391796,0.13126522944296234,0.09523964927509225,"[0, 0.26181471239479714, 0.7089975927980169, 0.7265063426585151]",0.28999999999999937,1,88,21,20,0,9,2,0,35,12
198,214.32258198799997,1,155,21,20,0,0,0.4498730964467005,0.1455160744500846,0.013959390862944163,0,0.1551545556167001,0.13081481599464603,0.09755474006378057,"[0, 0.2610945627419181, 0.7093393122334392, 0.7268565008815694]",0.26999999999999935,1,88,21,20,0,9,2,0,36,12
199,214.32258198799997,1,156,21,20,0,0,0.49116161616161613,0.1452020202020202,0.013888888888888888,0,0.15730813754041598,0.13037998827828967,0.0998750054944254,"[0, 0.2603810578081949, 0.7096791381418545, 0.7272047188168222]",0.24999999999999936,1,88,21,20,0,9,2,0,37,12
200,214.32258198799997,1,157,21,20,0,0,0.47550251256281406,0.14489112227805695,0.013819095477386936,0,0.1447080384453225,0.12996051658694682,0.10220037294092979,"[0, 0.25967409325896595, 0.7100170906544294, 0.7275510170925811]",0.22999999999999937,1,88,21,20,0,9,2,0,38,12
201,214.32258198799997,1,158,21,20,0,0,0.46499999999999997,0.14458333333333334,0.01375,0,0.1338130530065235,0.1295561757860524,0.10453077120742386,"[0, 0.2589735670629667, 0.7103531895873741, 0.7278954160144187]",0.20999999999999938,1,88,21,20,0,9,2,0,39,12
202,214.32258198799997,1,159,21,20,0,0,0.4546019900497512,0.14427860696517414,0.013681592039800995,0,0.12335394022864882,0.1291667451993757,0.10686613049237327,"[0, 0.2582793794270481, 0.7106874544484292, 0.7282379355718209]",0.1899999999999994,1,88,21,20,0,9,2,0,40,12
203,214.00000064599996,1,159,22,20,0,0,0.34843869002284844,0.31587966488956587,0.052075399847677076,0,0.34541527896822594,0.31396013668519185,0.05285440155907266,"[0, 0.2584001990331906, 0.694672434081587, 0.7285785954446649]",0.99,1,88,22,20,0,7,3,1,0,13
204,213.875,1,160,22,20,0,0,0.42590311986863716,0.32573891625615764,0.013546798029556651,0,0.422103842820355,0.3237213918334738,0.014711711158979075,"[0, 0.2577112235391046, 0.6949954858611926, 0.7289174150095323]",0.99,1,89,22,20,0,7,3,0,0,12
205,213.866666157,1,161,22,20,0,0,0.3443627450980392,0.32598039215686275,0.013480392156862746,0,0.3413776603424352,0.3239610442724171,0.014646589502794778,"[0, 0.2570284077840477, 0.6953168011675238, 0.7292544133458649]",0.99,1,90,22,20,0,7,3,0,0,12
206,213.866666157,1,162,22,20,0,0,0.32459349593495934,0.32621951219512196,0.013414634146341463,0,0.3162277150615953,0.32015605405127734,0.016917043895257472,"[0, 0.2563516580440931, 0.6956363979145224, 0.7295896092419635]",0.97,1,90,22,20,0,7,3,0,1,12
207,213.866666157,1,162,23,20,0,0,0.3244336569579288,0.3143203883495146,0.013349514563106795,0,0.3105196646053215,0.30472887614689764,0.019249841124803543,"[0, 0.25646880706511316, 0.6806567269150774, 0.7299230212008374]",0.95,1,90,23,20,0,7,3,0,2,12
208,213.8125,1,163,23,20,0,0,0.35446859903381644,0.3146135265700483,0.05495169082125603,0,0.35138425078036173,0.31269287196631784,0.05571635551418995,"[0, 0.25579705321348783, 0.6809659886332426, 0.7302546674459102]",0.99,1,91,23,20,0,7,3,1,0,12
209,213.8125,1,164,23,20,0,0,0.42868589743589747,0.31490384615384615,0.05488782051282051,0,0.41720276226351655,0.30913489611622424,0.05718557879974636,"[0, 0.2551311972323957, 0.6812736205526999, 0.7305845659265817]",0.97,1,91,23,20,0,7,3,1,1,12
210,213.8125,1,165,23,20,0,0,0.43520733652312604,0.3151913875598086,0.05482456140350877,0,0.41573680220314935,0.30556494253472444,0.05866037647424738,"[0, 0.254471150998463, 0.6815796391608828, 0.7309127343236544]",0.95,1,91,23,20,0,7,3,1,2,12
211,213.8125,1,166,23,20,0,0,0.39761904761904765,0.31547619047619047,0.05476190476190476,0,0.372983281768917,0.30198318708641025,0.0601406740018156,"[0, 0.2538168282399747, 0.6818840606996922, 0.731239190054627]",0.9299999999999999,1,91,23,20,0,7,3,1,3,12
212,213.8125,1,167,23,20,0,0,0.4018562401263823,0.31575829383886256,0.054699842022116904,0,0.36978988161924486,0.2983898022863763,0.06162639824287799,"[0, 0.2531681444869139, 0.6821869011703124, 0.7315639502788575]",0.9099999999999999,1,91,23,20,0,7,3,1,4,12
213,213.8125,1,168,23,20,0,0,0.46737421383647804,0.3160377358490566,0.054638364779874216,0,0.42096234507455316,0.2947849573788361,0.06311747742082457,"[0, 0.25252501702264246, 0.6824881763379088, 0.7318870319026026]",0.8899999999999999,1,91,23,20,0,7,3,1,5,12
214,213.8125,1,169,23,20,0,0,0.47711267605633806,0.31631455399061037,0.05457746478873239,0,0.4209814250038629,0.291168818413547,0.06461384108963235,"[0, 0.25188736483716007, 0.6827879017362136, 0.7322084515839342]",0.8699999999999999,1,91,23,20,0,7,3,1,6,12
215,213.8125,1,170,23,20,0,0,0.4809190031152648,0.31658878504672894,0.05451713395638629,0,0.41556421537808463,0.28754154832011647,0.06611542010242186,"[0, 0.2512551085818801, 0.6830860926719999, 0.7325282257375378]",0.8499999999999999,1,91,23,20,0,7,3,1,7,12
216,213.8125,1,171,23,20,0,0,0.3532945736434109,0.3168604651162791,0.054457364341085265,0,0.3009028410124731,0.28390330698025573,0.06762214658091455,"[0, 0.2506281705258654, 0.6833827642294498, 0.7328463705393964]",0.8299999999999998,1,91,23,20,0,7,3,1,8,12
217,213.8125,1,172,23,20,0,0,0.3888888888888889,0.31712962962962965,0.05439814814814815,0,0.3235492948161919,0.28025425129804726,0.06913395388576082,"[0, 0.2500064745134675, 0.6836779312744171, 0.7331629019313624]",0.8099999999999998,1,91,23,20,0,7,3,1,9,12
218,213.8125,1,173,23,20,0,0,0.39650537634408606,0.31739631336405527,0.0543394777265745,0,0.32266521041742624,0.27659453526828953,0.07065077658770966,"[0, 0.24938994592331779, 0.6839716084585904, 0.7334778356256213]",0.7899999999999998,1,91,23,20,0,7,3,1,10,12
219,213.8125,1,174,23,20,0,0,0.3857033639143731,0.3176605504587156,0.054281345565749234,0,0.30728998967033466,0.27292431004297896,0.07217255043959152,"[0, 0.24877851162861805, 0.6842638102235569, 0.73379118710905]",0.7699999999999998,1,91,23,20,0,7,3,1,11,12
220,213.8125,1,175,23,20,0,0,0.3932648401826484,0.3179223744292238,0.05422374429223744,0,0.3061152828330064,0.2692437239959877,0.073699212349088,"[0, 0.24817209995868364, 0.684554550804771, 0.7341029716474727]",0.7499999999999998,1,91,23,20,0,7,3,1,12,12
221,213.8125,1,176,23,20,0,0,0.39962121212121215,0.3181818181818182,0.05416666666666667,0,0.3037542556496219,0.26555292278599507,0.0752307003522617,"[0, 0.2475706406616917, 0.68484384423543, 0.7344132042898168]",0.7299999999999998,1,91,23,20,0,7,3,1,13,12
222,213.8125,1,177,23,20,0,0,0.4342006033182504,0.3184389140271493,0.05411010558069381,0,0.32117322927197844,0.2618520494177256,0.07676695358782215,"[0, 0.24697406486859044, 0.6851317043502596, 0.7347218998721728]",0.7099999999999997,1,91,23,20,0,7,3,1,14,12
223,213.8125,1,178,23,20,0,0,0.4831081081081081,0.3186936936936937,0.05405405405405405,0,0.34709138396689027,0.2581412443015471,0.078307912272103,"[0, 0.246382305058127, 0.685418144789212, 0.7350290730217601]",0.6899999999999997,1,91,23,20,0,7,3,1,15,12
224,213.8125,1,179,23,20,0,0,0.48337070254110615,0.3189461883408072,0.05399850523168909,0,0.338457152409906,0.2544206453114797,0.07985351767472784,"[0, 0.24579529502295264, 0.6857031790010779, 0.7353347381607998]",0.6699999999999997,1,91,23,20,0,7,3,1,16,12
225,213.8125,1,180,23,20,0,0,0.43563988095238093,0.3191964285714286,0.05394345238095238,0,0.2986127453014886,0.25069038784166414,0.08140371209494238,"[0, 0.2452129698367668, 0.6859868202470162, 0.7356389095103004]",0.6499999999999997,1,91,23,20,0,7,3,1,17,12
226,213.8125,1,181,23,20,0,0,0.3705555555555556,0.3194444444444444,0.05388888888888889,0,0.2497409563000709,0.24695060486133763,0.08295843883859132,"[0, 0.2446352658224622, 0.686269081604003, 0.7359416010937566]",0.6299999999999997,1,91,23,20,0,7,3,1,18,12
227,213.8125,1,182,23,20,0,0,0.42772861356932157,0.31969026548672563,0.053834808259587016,0,0.27804568009845537,0.24320142696836172,0.08451764219571957,"[0, 0.244062120521235, 0.6865499759682014, 0.7362428267407626]",0.6099999999999997,1,91,23,20,0,7,3,1,19,12
228,213.8125,1,183,23,20,0,0,0.3951908957415565,0.31993392070484583,0.05378120411160059,0,0.25113030226909705,0.23944298244134685,0.0860812674187777,"[0, 0.24349347266262591, 0.6868295160582556, 0.7365426000905448]",0.5899999999999996,1,91,23,20,0,7,3,1,20,12
229,213.8125,1,184,23,20,0,0,0.4605263157894737,0.3201754385964912,0.0537280701754386,0,0.28130034200817094,0.2356753972904163,0.08764926070141257,"[0, 0.24292926213545932, 0.6871077144185107, 0.7368409345954146]",0.5699999999999996,1,91,23,20,0,7,3,1,21,12
230,213.8125,1,185,23,20,0,0,0.38009461426491997,0.3204148471615721,0.05367540029112081,0,0.22868130948021154,0.23189879530665045,0.08922156915782493,"[0, 0.24236942995964808, 0.6873845834221595, 0.737137843524143]",0.5499999999999996,1,91,23,20,0,7,3,1,22,12
231,213.75000000000003,1,185,24,20,0,0,0.37971014492753624,0.3644927536231884,0.0536231884057971,0,0.37635307006834573,0.3620695108696202,0.054425245148990574,"[0, 0.2424665885909922, 0.6731814582589152, 0.7374333399652606]",0.99,1,91,24,20,0,7,4,1,0,12
232,213.75000000000003,1,186,24,20,0,0,0.3133116883116883,0.3647186147186147,0.05357142857142857,0,0.30522938404541045,0.3574435582349896,0.05598073737327962,"[0, 0.24191035641998687, 0.6734499307373559, 0.7377274368302831]",0.97,1,92,24,20,0,7,4,1,1,12
233,213.266666891,1,186,25,20,0,0,0.29932950191570884,0.36386494252873564,0.011853448275862068,0,0.2967788658530904,0.36143370575926254,0.013084842180750587,"[0, 0.24200633981890013, 0.6601052868545326, 0.7380201468568667]",0.99,1,92,25,20,0,5,3,0,0,9
234,213.266666891,1,186,26,20,0,0,0.29923700524558894,0.30400572246065805,0.011802575107296138,0,0.2915983328024057,0.2984654266212974,0.015530184305433747,"[0, 0.24210187257641674, 0.6475420065712221, 0.738311482611892]",0.97,1,92,26,20,0,5,3,0,1,9
235,213.266666891,1,186,27,20,0,0,0.29914529914529914,0.3643162393162393,0.011752136752136752,0,0.2864354745463865,0.3519992150431068,0.018018301863498135,"[0, 0.2421969587583693, 0.6356869201083712, 0.7386014564944821]",0.95,1,92,27,20,0,5,3,0,2,9
236,213.266666891,1,186,28,20,0,0,0.2990543735224586,0.36879432624113473,0.011702127659574468,0,0.2812894391726232,0.3511460914326887,0.0205467388982341,"[0, 0.24229160237654804, 0.6244760955132229, 0.7388900807389526]",0.9299999999999999,1,92,28,20,0,5,3,0,3,9
237,213.266666891,1,186,29,20,0,0,0.2989642184557439,0.18891242937853106,0.011652542372881356,0,0.2761594501043337,0.18229884619569753,0.023113266788481045,"[0, 0.2423858073896475, 0.6138533917422713, 0.7391773674176997]",0.9099999999999999,1,92,29,20,0,5,3,0,4,9
238,213.266666891,1,187,29,20,0,0,0.2988748241912799,0.18987341772151897,0.011603375527426161,0,0.2710007743839931,0.1816896075025925,0.025622557635214614,"[0, 0.2418303674958058, 0.6140908694487762, 0.7394633284440231]",0.8899999999999999,1,93,29,20,0,5,3,0,5,9
239,213.266666891,1,188,29,20,0,0,0.2977357609710551,0.19082633053221287,0.011554621848739496,0,0.26492841786396554,0.18103673853824043,0.02813638421404048,"[0, 0.2412791857259763, 0.6143272560244942, 0.7397479755748897]",0.8699999999999999,1,93,29,20,0,5,3,0,6,9
240,213.266666891,1,189,29,20,0,0,0.2976522547652255,0.19177126917712692,0.011506276150627616,0,0.259794846027413,0.1803407903645128,0.030654693687107232,"[0, 0.24073220652528923, 0.6145625611054728, 0.7400313204136371]",0.8499999999999999,1,93,29,20,0,5,3,0,7,9
241,213.266666891,1,190,29,20,0,0,0.29756944444444444,0.19270833333333331,0.011458333333333333,0,0.2546612332880192,0.17960230484897724,0.03317743408522575,"[0, 0.24018937535865081, 0.6147967942023743, 0.7403133744126194]",0.8299999999999998,1,93,29,20,0,5,3,0,8,9
242,213.266666891,1,191,29,20,0,0,0.299562010142923,0.19363762102351312,0.011410788381742738,0,0.25120807068898143,0.17882181485544452,0.03570455428959891,"[0, 0.23965063868669073, 0.6150299647026266, 0.7405941488757966]",0.8099999999999998,1,93,29,20,0,5,3,0,9,9
243,213.266666891,1,192,29,20,0,0,0.29947199265381086,0.19455922865013772,0.011363636363636364,0,0.24602608911357082,0.17799984442980296,0.03823600401401829,"[0, 0.23911594394240107, 0.6152620818725272, 0.7408736549612684]",0.7899999999999998,1,93,29,20,0,5,3,0,10,9
244,213.266666891,1,193,29,20,0,0,0.301440329218107,0.19547325102880658,0.01131687242798354,0,0.2424288057908812,0.1771369089812755,0.04077173378751403,"[0, 0.23858523950844282, 0.6154931548593034, 0.7411519036837555]",0.7699999999999998,1,93,29,20,0,5,3,0,11,9
245,213.266666891,1,194,29,20,0,0,0.3054417122040073,0.196379781420765,0.011270491803278689,0,0.240273778674364,0.1762335154592302,0.04331169493744401,"[0, 0.23805847469509822, 0.6157231926931296, 0.7414289059170274]",0.7499999999999998,1,93,29,20,0,5,3,0,12,9
246,213.266666891,1,195,29,20,0,0,0.3032879818594104,0.19727891156462585,0.011224489795918367,0,0.23346170765188637,0.17529016252567095,0.04585583957300949,"[0, 0.2375355997188465, 0.6159522042891006, 0.7417046723962798]",0.7299999999999998,1,93,29,20,0,5,3,0,13,9
247,213.266666891,1,196,29,20,0,0,0.2960704607046071,0.19817073170731705,0.011178861788617886,0,0.22313677718966962,0.17430734072353077,0.04840412056918438,"[0, 0.2370165656815428, 0.6161801984491652, 0.7419792137204628]",0.7099999999999997,1,93,29,20,0,5,3,0,14,9
248,213.266666891,1,197,29,20,0,0,0.30915429599640126,0.199055330634278,0.011133603238866396,0,0.2271048044180544,0.17328553264088603,0.050956491551046056,"[0, 0.2365013245501801, 0.6164071838640193, 0.74225254035456]",0.6899999999999997,1,93,29,20,0,5,3,0,15,9
249,213.266666891,1,198,29,20,0,0,0.3039874551971326,0.19993279569892472,0.011088709677419355,0,0.2183178836345268,0.1722252130712067,0.0535129068784958,"[0, 0.23598982913721503, 0.6166331691149588, 0.74252466263182]",0.6699999999999997,1,93,29,20,0,5,3,0,16,9
250,213.266666891,1,199,29,20,0,0,0.30488621151271755,0.20080321285140562,0.01104417670682731,0,0.2136766698950064,0.1711268491697537,0.05607332163135764,"[0, 0.23548203308143897, 0.6168581626756956, 0.7427955907559433]",0.6499999999999997,1,93,29,20,0,5,3,0,17,9
251,213.266666891,1,200,29,20,0,0,0.3057777777777778,0.20166666666666666,0.011,0,0.2089914077989252,0.1699909006062304,0.05863769159484436,"[0, 0.23497789082937667, 0.6170821729141353, 0.7430653348032221]",0.6299999999999997,1,93,29,20,0,5,3,0,18,9
252,213.266666891,1,201,29,20,0,0,0.30467020805666223,0.20252324037184594,0.010956175298804782,0,0.20304747751448782,0.1688178197137929,0.06120597324538012,"[0, 0.23447735761719535, 0.6173052080941186, 0.7433339047246388]",0.6099999999999997,1,93,29,20,0,5,3,0,19,9
253,213.266666891,1,202,29,20,0,0,0.3055555555555556,0.20337301587301587,0.010912698412698412,0,0.19832017383505993,0.16760805163451964,0.06377812373676955,"[0, 0.2339803894531077, 0.6175272763771276, 0.7436013103479192]",0.5899999999999996,1,93,29,20,0,5,3,0,20,9
254,213.266666891,1,203,29,20,0,0,0.31137461572244185,0.20421607378129117,0.010869565217391304,0,0.19636620984289946,0.16636203446143832,0.06635410088670297,"[0, 0.2334869431002528, 0.6177483858239573, 0.7438675613795456]",0.5699999999999996,1,93,29,20,0,5,3,0,21,9
255,213.266666891,1,204,29,20,0,0,0.3013998250218723,0.20505249343832022,0.010826771653543307,0,0.18548943702176185,0.16508019937720414,0.06893386316358861,"[0, 0.23299697606004013, 0.6179685443963531, 0.7441326674067291]",0.5499999999999996,1,93,29,20,0,5,3,0,22,9
256,213.266666891,1,205,29,20,0,0,0.3042483660130719,0.20588235294117646,0.010784313725490196,0,0.1818046268570378,0.16376297078952146,0.07151736967370212,"[0, 0.2325104465559412, 0.6181877599586149, 0.744396637899341]",0.5299999999999996,1,93,29,20,0,5,3,0,23,9
257,213.266666891,1,206,29,20,0,0,0.3119574652777778,0.20670572916666666,0.0107421875,0,0.18048139817962433,0.16241076646339772,0.07410458014864453,"[0, 0.23202731351771536, 0.6184060402791703, 0.7446594822118068]",0.5099999999999996,1,93,29,20,0,5,3,0,24,9
258,213.266666891,1,207,29,20,0,0,0.3040423692174665,0.20752269779507132,0.010700389105058366,0,0.17119062091420667,0.1610239976503153,0.07669545493310007,"[0, 0.23154753656605567, 0.6186233930321152, 0.7449212095849614]",0.48999999999999955,1,93,29,20,0,5,3,0,25,9
259,213.266666891,1,208,29,20,0,0,0.30684754521963825,0.20833333333333331,0.01065891472868217,0,0.16725167865508725,0.1596030692144048,0.07928995497288505,"[0, 0.2310710759976416, 0.6188398257987234, 0.7451818291478676]",0.46999999999999953,1,93,29,20,0,5,3,0,26,9
260,213.266666891,1,209,29,20,0,0,0.31445731445731445,0.20913770913770913,0.010617760617760617,0,0.16535933133677172,0.1581483797557009,0.08188804180328017,"[0, 0.2305978927705863, 0.6190553460689278, 0.7454413499195988]",0.4499999999999995,1,93,29,20,0,5,3,0,27,9
261,213.266666891,1,210,29,20,0,0,0.3027777777777778,0.2099358974358974,0.010576923076923078,0,0.15486495799676106,0.15666032173055822,0.08448967753763784,"[0, 0.23012794849026563, 0.6192699612427706, 0.7456997808109861]",0.4299999999999995,1,93,29,20,0,5,3,0,28,9
262,213.266666891,1,210,30,20,0,0,0.30268199233716475,0.21264367816091953,0.01053639846743295,0,0.14980349034935694,0.1551899650345448,0.0876099928919602,"[0, 0.23020736836750538, 0.6090714466750565, 0.7459571306263312]",0.4099999999999995,1,93,30,20,0,5,3,0,29,9
263,213.266666891,1,210,31,20,0,0,0.3025869380831213,0.2143765903307888,0.01049618320610687,0,0.14475117785552474,0.15320973295668383,0.0907483767195979,"[0, 0.23028645730214434, 0.5993730328440844, 0.7462134080650854]",0.38999999999999946,1,93,30,20,0,5,3,0,30,9
264,213.266666891,1,210,32,20,0,0,0.3024926066751162,0.21609632446134347,0.010456273764258554,0,0.13970776844434035,0.1511348128593378,0.09390414450958745,"[0, 0.23036521794704215, 0.5901352616232234, 0.7464686217234965]",0.36999999999999944,1,93,30,20,0,5,3,0,31,9
265,213.266666891,1,210,33,20,0,0,0.3023989898989899,0.21117424242424243,0.010416666666666666,0,0.13467302471540468,0.14664678264658754,0.09707665728447229,"[0, 0.23044365292370725, 0.5813228958862664, 0.7467227800962226]",0.3499999999999994,1,93,30,20,0,5,3,0,32,9
266,213.266666891,1,210,34,20,0,0,0.30230607966457024,0.21477987421383649,0.010377358490566037,0,0.12964672260560348,0.14515085315822662,0.10026531731793076,"[0, 0.23052176482278552, 0.5729043563533107, 0.7469758915779158]",0.3299999999999994,1,93,30,20,0,5,3,0,33,9
267,213.266666891,1,210,35,20,0,0,0.3022138680033417,0.21083959899749372,0.010338345864661654,0,0.12462865021449784,0.14115324740823376,0.10346956436557234,"[0, 0.23059955620453926, 0.5648512476133719, 0.7472279644647742]",0.3099999999999994,1,93,30,20,0,5,3,0,34,9
268,213.266666891,1,210,36,20,0,0,0.3021223470661673,0.2153558052434457,0.010299625468164793,0,0.11961860676550157,0.1397480764551507,0.10668887233490312,"[0, 0.23067702959931724, 0.5571379571025997, 0.747479006956065]",0.28999999999999937,1,93,30,20,0,5,3,0,35,9
269,213.266666891,1,210,37,20,0,0,0.30203150912106136,0.21517412935323382,0.010261194029850746,0,0.11461640168382385,0.1368768967594498,0.10992274633284556,"[0, 0.23075418750801543, 0.5497413141287876, 0.7477290271556172]",0.26999999999999935,1,93,30,20,0,5,3,0,36,9
270,213.266666891,1,210,38,20,0,0,0.301941346551012,0.21406443618339527,0.010223048327137546,0,0.10962185377525406,0.13376463395089672,0.11317072003923527,"[0, 0.23083103240252928, 0.5426402985986708, 0.7479780330732875]",0.24999999999999936,1,93,30,20,0,5,3,0,37,9
271,213.266666891,1,210,39,20,0,0,0.30185185185185187,0.2185185185185185,0.010185185185185186,0,0.10463479049239158,0.1319606339224807,0.11643235336290536,"[0, 0.23090756672619694, 0.5358157911072766, 0.7482260326263966]",0.22999999999999937,1,93,30,20,0,5,3,0,38,9
272,213.266666891,1,210,40,20,0,0,0.3017630176301763,0.21740467404674046,0.01014760147601476,0,0.09965504727699673,0.12879393394143543,0.11970723034368329,"[0, 0.23098379289423462, 0.5292503576229165, 0.7484730336411394]",0.20999999999999938,1,93,30,20,0,5,3,0,39,9
273,213.266666891,1,210,41,20,0,0,0.30167483660130723,0.21997549019607843,0.01011029411764706,0,0.09468246696884686,0.12635709373584894,0.12299495726916025,"[0, 0.23105971329416328, 0.5229280632472425, 0.7487190438539678]",0.1899999999999994,1,93,30,20,0,5,3,0,40,9
274,213.266666891,1,210,42,20,0,0,0.3015873015873016,0.21336996336996336,0.010073260073260074,0,0.08971689927289822,0.1222431290026067,0.12629516097968418,"[0, 0.2311353302862274, 0.5168343105218703, 0.7489640709129484]",0.1699999999999994,1,93,30,20,0,5,3,0,41,9
