Iteration,Objective,Hyper choice BP,Hyper choice BE1,Hyper choice BE2,Hyper choice Exact,Average runtime,Quality BP,Quality BE1,Quality BE2,Quality Exact,Exploration,Theta,Accepted columns BP,Accepted columns BE1,Accepted columns BE2,Accepted columns Exact,Active path BP,Active path BE1,Active path BE2,Active path Exact,No improvement,Total active paths
1,222.0,0,0,0,0,0,0,0,0,0,"[0, 0, 0, 0]",1,0,0,0,0,0,0,0,0,0,2
2,222.0,1,0,0,0,0,0.49,0,0,0,"[0, 0, 0, 0]",0.98,1,0,0,0,0,0,0,0,1,2
3,222.0,1,0,0,1,0,0.48,0,0,0.24,"[0.0, 0, 0, 0]",0.96,1,0,0,1,0,0,0,0,2,2
4,222.0,1,1,0,1,0,0.479,0.3133333333333333,0,0.244,"[1.1774100225154747, 0, 0, 1.1774100225154747]",0.94,1,1,0,1,0,0,0,0,3,2
5,222.0,1,1,1,1,0,0.46799999999999997,0.31466666666666665,0.345,0.238,"[1.4823038073675112, 1.4823038073675112, 0, 1.4823038073675112]",0.9199999999999999,1,1,1,1,0,0,0,0,4,2
6,222.0,2,1,1,1,0,0.0975,0.30749999999999994,0.345,0.23249999999999998,"[1.6651092223153954, 1.6651092223153954, 1.6651092223153954, 1.6651092223153954]",0.8999999999999999,2,1,1,1,0,0,0,0,5,2
7,222.0,2,1,2,1,0,0.09486676851389966,0.30304441049536673,0.08304441049536677,0.22971107716203343,"[1.2686362411795196, 1.7941225779941015, 1.7941225779941015, 1.7941225779941015]",0.8799999999999999,2,1,2,1,0,0,0,0,6,2
8,222.0,2,2,2,1,0,0.094698484809835,0.07373008661873642,0.08036515147650167,0.22730151519016498,"[1.3385661990458504, 1.8930184728248454, 1.3385661990458504, 1.8930184728248454]",0.8599999999999999,2,2,2,1,0,0,0,0,7,2
9,222.0,2,2,2,2,0,0.09487396414372735,0.07087396414372735,0.08087396414372734,0.06787810756881796,"[1.3949588341794583, 1.3949588341794583, 1.3949588341794583, 1.9727697022487511]",0.8399999999999999,2,2,2,2,0,0,0,0,8,2
10,222.0,3,2,2,2,0,0.24127777777777776,0.07207142857142856,0.08183333333333333,0.06475,"[1.442026886600883, 1.442026886600883, 1.442026886600883, 1.442026886600883]",0.8199999999999998,3,2,2,2,0,0,0,0,9,2
11,222.0,4,2,2,2,0,0.05283632614803889,0.07286408176017752,0.08238789128398705,0.06572122461732038,"[1.2102959906117234, 1.4823038073675112, 1.4823038073675112, 1.4823038073675112]",0.7999999999999998,4,2,2,2,0,0,0,0,10,2
12,222.0,4,2,3,2,0,0.05158907560881605,0.0735179271780137,0.3723490960091824,0.06655364146372798,"[1.0729830131446736, 1.5174271293851465, 1.5174271293851465, 1.5174271293851465]",0.7799999999999998,4,2,3,2,0,0,0,0,11,2
13,222.0,4,2,4,2,0,0.052448756858627474,0.07471934219461654,0.3650173206569013,0.06793362790890226,"[1.0949646735850365, 1.5485138917033876, 1.264356298094903, 1.5485138917033876]",0.7599999999999998,4,2,4,2,0,0,0,0,12,2
14,222.0,4,2,5,2,0,0.05315432893255071,0.07570281392459216,0.044615867394089175,0.0690956710674493,"[1.1146539036373577, 1.5763586678760644, 1.1146539036373577, 1.5763586678760644]",0.7399999999999998,4,2,5,2,0,0,0,0,13,2
15,222.0,4,3,5,2,0,0.0537858545667907,0.05086728246103657,0.04360045963201532,0.07015299674675085,"[1.1324639856219572, 1.6015459273656616, 1.0129065815684162, 1.6015459273656616]",0.7199999999999998,4,3,5,2,0,0,0,0,14,2
16,222.0,4,3,5,3,0,0.05516426576347849,0.04828368853311093,0.04495854450848077,0.0518499114513401,"[1.1487073886798278, 1.3264130401488214, 1.027435122937747, 1.624517568269195]",0.6999999999999997,4,3,5,3,0,0,0,0,15,2
17,222.0,5,3,5,3,0,0.10783632771973091,0.05065483419829262,0.04657927860895861,0.049035786579245004,"[1.1636258421636678, 1.343639386418397, 1.040778593381361, 1.343639386418397]",0.6799999999999997,5,3,5,3,0,0,0,0,16,2
18,222.0,6,3,5,3,0,0.04167284003417149,0.05231035324313945,0.04764569071290452,0.05073892467171088,"[1.0531075390936637, 1.3595559868917453, 1.0531075390936637, 1.3595559868917453]",0.6599999999999997,5,3,5,3,0,0,0,0,17,2
19,222.0,6,4,5,3,0,0.040757486009578556,0.048797076674908964,0.048642830223308446,0.05235263223046452,"[0.9718047375984225, 1.3743394398901159, 1.0645587525460896, 1.3743394398901159]",0.6399999999999997,5,4,5,3,0,0,0,0,18,2
20,222.0,6,4,5,4,0,0.04231435683917963,0.04671293079833565,0.050223445478484105,0.05036872654370799,"[0.981558583392787, 1.2021588409807094, 1.0752435552740904, 1.388133460897802]",0.6199999999999997,5,4,5,4,0,0,0,0,19,2
21,222.0,6,4,5,5,0,0.044050077514595554,0.04900362839780618,0.05199998092357797,0.047336961731139514,"[0.9906965527961359, 1.213350522142394, 1.0852536992181028, 1.213350522142394]",0.5999999999999996,5,4,5,5,0,0,0,0,20,2
22,222.0,6,4,6,5,0,0.04559379009847936,0.051059165071907095,0.3074489659255442,0.04575848973506824,"[0.9992884591137821, 1.2238734153404083, 1.0946656610223948, 1.0946656610223948]",0.5799999999999996,5,4,6,5,0,0,0,0,21,2
23,222.0,6,4,7,5,0,0.0470248000675234,0.052976669796490586,0.043281484559502016,0.04747046209460647,"[1.0073930774898516, 1.2337995051310855, 1.0073930774898516, 1.1035438256314831]",0.5599999999999996,5,4,7,5,0,0,0,0,22,2
24,222.0,6,5,7,5,0,0.04838345331522997,0.051544686432487885,0.04236289926375119,0.049103171637217384,"[1.0150603353755736, 1.24318993990426, 0.9397632609725731, 1.1119428858279217]",0.5399999999999996,5,5,7,5,0,0,0,0,23,2
25,222.0,6,6,7,5,0,0.050273503725756584,0.05998466427263654,0.04420280052754438,0.05131799760596988,"[1.0223329881418528, 1.1199096777739086, 0.9464964290822608, 1.1199096777739086]",0.5199999999999996,5,6,7,5,0,0,0,0,24,2
26,222.0,6,7,7,5,0,0.0520075752252674,0.06730169287232621,0.045898293380378506,0.05336195723860549,"[1.0292479180365868, 1.0292479180365868, 0.9528984101673237, 1.1274846039477338]",0.49999999999999956,5,7,7,5,0,0,0,0,25,2
27,222.0,6,8,7,5,0,0.053640481648876095,0.04582180389422576,0.04750012557254743,0.055295096083034484,"[1.0358371533640798, 0.958998856675648, 0.958998856675648, 1.1347027495988895]",0.47999999999999954,5,8,7,5,0,0,0,0,26,2
28,222.0,6,8,7,6,0,0.05520368207169565,0.04493713061618651,0.049037422548111005,0.05417039434793062,"[1.0421286769590856, 0.9025099082588349, 0.9648236756780976, 1.141594768387011]",0.4599999999999995,5,8,7,6,0,0,0,0,27,2
29,222.0,7,8,7,6,0,0.09144845974254254,0.04683131584284391,0.05101901741932378,0.052453750747833594,"[1.048147073968205, 0.9077219929587925, 0.9703956285975514, 1.048147073968205]",0.4399999999999995,5,8,7,6,0,0,0,0,28,2
30,222.0,8,8,7,6,0,0.09402133546559274,0.04860999848949807,0.05287713483863353,0.05458134177884492,"[0.9757348161660676, 0.9127163456100701, 0.9757348161660676, 1.053914055663491]",0.4199999999999995,5,8,7,6,0,0,0,0,29,2
31,222.0,9,8,7,6,0,0.09594953730278863,0.05030851166176305,0.0546495474847884,0.056616361074617504,"[0.9175096498111714, 0.9175096498111714, 0.9808590739006691, 1.0594488866051184]",0.39999999999999947,5,8,7,6,0,0,0,0,30,2
32,222.0,10,8,7,6,0,0.09724941847028763,0.05194889353873041,0.0563598151622424,0.058584256132413234,"[0.8693800321892422, 0.9221167742837882, 0.9857842971334558, 1.064768735714029]",0.37999999999999945,5,8,7,6,0,0,0,0,31,2
33,222.0,11,8,7,6,0,0.04732553888120862,0.05354569674145468,0.05802349527729997,0.06050183087159862,"[0.8287324302192048, 0.9265510245643716, 0.9905247100812127, 1.0698889669003269]",0.35999999999999943,5,8,7,6,0,0,0,0,32,2
34,222.0,11,8,7,7,0,0.04673356310724958,0.05510896333518261,0.05965132324927798,0.06123589972553938,"[0.7938096752427758, 0.9308243527647585, 0.995093090088952, 1.0748233812739851]",0.3399999999999994,5,8,7,7,0,0,0,0,33,2
35,222.0,11,8,7,8,0,0.048592196842448844,0.05727022792263295,0.06191843796710953,0.0640574754002646,"[0.7973259355742545, 0.9349475334833608, 0.9995009556868839, 0.9995009556868839]",0.3199999999999994,5,8,7,8,0,0,0,0,34,2
36,222.0,11,8,7,9,0,0.05035184225940522,0.0593154184181021,0.0640614642610341,0.05783190193458562,"[0.800722460669813, 0.9389303121925718, 1.0037587252232283, 0.9389303121925718]",0.2999999999999994,5,8,7,9,0,0,0,0,35,2
37,222.0,11,8,8,9,0,0.05203910703608187,0.06127573508960269,0.07530567581247906,0.056694653002007454,"[0.8040067911845039, 0.9427815310942156, 1.007875851409348, 0.8888629517522076]",0.27999999999999936,5,8,8,9,0,0,0,0,36,2
38,222.0,11,8,9,9,0,0.05394173970161513,0.06348859299611652,0.11119129569881911,0.05885786002043771,"[0.8071857889613214, 0.9465092364124227, 0.9465092364124227, 0.8923774660305669]",0.25999999999999934,5,8,9,9,0,0,0,0,37,2
39,222.0,11,8,10,9,0,0.05576101106332898,0.06560370110933186,0.06065823095820407,0.060928907649933396,"[0.8102657154117267, 0.9501207703029421, 0.8957824528365287, 0.8957824528365287]",0.23999999999999935,5,8,10,9,0,0,0,0,38,2
40,222.0,11,9,10,9,0,0.057517108700290365,0.06623447505374437,0.05961390895254931,0.06293011409889135,"[0.8132522989628949, 0.9536228499420494, 0.8529462069470015, 0.8990842451846194]",0.21999999999999936,5,9,10,9,0,0,0,0,39,2
41,222.0,11,10,10,9,0,0.05946445594122284,0.06728561208326517,0.06172089883961535,0.06514275494040803,"[0.8161507933452724, 0.9022886512923858, 0.8559861735016104, 0.9022886512923858]",0.19999999999999937,5,10,10,9,0,0,0,0,40,2
42,222.0,11,11,10,9,0,0.06133990351819416,0.06796942452396541,0.06375247972293847,0.06727590771262076,"[0.818966028168106, 0.8589388166934752, 0.8589388166934752, 0.9054010104937463]",0.17999999999999938,5,11,10,9,0,0,0,0,41,2
43,222.0,11,12,10,9,0,0.06315930242019159,0.0625640643249535,0.06572527626002077,0.06934709634320521,"[0.8217024529712474, 0.8217024529712474, 0.8618088032393622, 0.9084262419400938]",0.1599999999999994,5,12,10,9,0,0,0,0,42,2
44,222.0,11,12,10,10,0,0.0649340850699669,0.061741948131792096,0.0676512788770003,0.0709968668278096,"[0.8243641757338438, 0.7892686085107917, 0.8646004416241492, 0.9113688871732539]",0.1399999999999994,5,12,10,10,0,0,0,0,43,2
45,222.0,11,12,10,11,0,0.06697908953639478,0.06376099157651156,0.06986069252625368,0.069645381521469,"[0.826954996653227, 0.7917491306903514, 0.8673177175284226, 0.8673177175284226]",0.1199999999999994,5,12,10,11,0,0,0,0,44,2
46,222.0,11,12,11,11,0,0.068957432043527,0.06571621105434519,0.07957328993796602,0.06853129567989064,"[0.8294784378717927, 0.7941651417178358, 0.8699643250062914, 0.8294784378717927]",0.0999999999999994,5,12,11,11,0,0,0,0,45,2
47,222.0,11,12,12,11,0,0.07099228267124755,0.06772553293863845,0.07061184788863886,0.07065137358033846,"[0.8319377697192938, 0.7965197726956018, 0.8319377697192938, 0.8319377697192938]",0.07999999999999939,5,12,12,11,0,0,0,0,46,2
48,222.0,12,12,12,11,0,0.08799078048478645,0.06968095203800984,0.06961884023676759,0.07271515185809416,"[0.8343360339476367, 0.7988159358793797, 0.7988159358793797, 0.8343360339476367]",0.05999999999999939,5,12,12,11,0,0,0,0,47,2
49,222.0,13,12,12,11,0,0.07162507948958735,0.07168460329911115,0.07164319543161633,0.07482930698578359,"[0.8010563444300759, 0.8010563444300759, 0.8010563444300759, 0.8366760643609665]",0.03999999999999938,5,12,12,11,0,0,0,0,48,2
50,222.0,13,12,12,12,0,0.0707325530824335,0.07364203043338512,0.07362132649963771,0.07687199149297312,"[0.7717314210873636, 0.8032435299986229, 0.8032435299986229, 0.8389605051824431]",0.02,5,12,12,12,0,0,0,0,49,2
51,222.0,13,12,12,13,0,0.07152429970642642,0.0744661064470642,0.07444540251331679,0.07442801120896897,"[0.7737839390454624, 0.8053798584219568, 0.8053798584219568, 0.8053798584219568]",0.02,5,12,12,13,0,0,0,0,50,2
52,222.0,13,13,12,13,0,0.0722377448624624,0.07555882376498858,0.07518797977521875,0.07222941152912907,"[0.7757897222461714, 0.8074675437675649, 0.8074675437675649, 0.7757897222461714]",0.02,5,13,12,13,0,0,0,0,51,2
53,222.0,13,14,12,13,0,0.0729656088800885,0.07294958323906285,0.0759455646640823,0.07295727554675517,"[0.7777507641837182, 0.7777507641837182, 0.8095086609300243, 0.7777507641837182]",0.02,5,14,12,13,0,0,0,0,52,2
54,222.0,13,14,13,13,0,0.07362652506863333,0.07093984748287796,0.07754815221052781,0.0736181917353,"[0.7796689355184849, 0.7513077853774546, 0.8115051569543913, 0.7796689355184849]",0.02,5,14,13,13,0,0,0,0,53,2
55,222.0,13,14,14,13,0,0.07438287454049952,0.07166868407080909,0.07435972639235137,0.07437454120716619,"[0.781545993877827, 0.7531165640715085, 0.781545993877827, 0.781545993877827]",0.02,5,14,14,13,0,0,0,0,54,2
56,222.0,14,14,14,13,0,0.07522521456852627,0.07233072948741777,0.07232360698029527,0.07506157820488991,"[0.7833835927038431, 0.7548873186078147, 0.7548873186078147, 0.7833835927038431]",0.02,5,14,14,13,0,0,0,0,55,2
57,222.0,15,14,14,13,0,0.07334856046445001,0.07300515387104341,0.07299803136392091,0.07576146146379281,"[0.7566215495998805, 0.7566215495998805, 0.7566215495998805, 0.7851832892567648]",0.02,5,14,14,13,0,0,0,0,56,2
58,222.0,15,14,14,14,0,0.07147534364164762,0.07362180020886983,0.07361467770174733,0.07637682420743362,"[0.7326073701271962, 0.7583206719677321, 0.7583206719677321, 0.7869465518684959]",0.02,5,14,14,14,0,0,0,0,57,2
59,222.0,15,14,14,15,0,0.07215054312983896,0.07432069807759945,0.07431357557047695,0.07430080417839521,"[0.7342162504180495, 0.759986021284466, 0.759986021284466, 0.759986021284466]",0.02,5,14,14,15,0,0,0,0,58,2
60,222.0,15,15,14,15,0,0.07276809597556176,0.07527609288642371,0.07495280349533771,0.07240479548295092,"[0.7357937220486386, 0.7616188595491298, 0.7616188595491298, 0.7357937220486386]",0.02,5,15,14,15,0,0,0,0,59,2
61,222.0,15,16,14,15,0,0.07339639209310442,0.07352734447405679,0.07560315176301478,0.07303309160049358,"[0.7373409382283268, 0.7373409382283268, 0.76322038044682, 0.7373409382283268]",0.02,5,16,14,15,0,0,0,0,60,2
62,222.0,15,16,15,15,0,0.07397431639103512,0.07177328739733178,0.07618010948492272,0.07361101589842428,"[0.7388589908069605, 0.7153971416477442, 0.7647917141494988, 0.7388589908069605]",0.02,5,16,15,15,0,0,0,0,61,2
63,222.0,15,16,16,15,0,0.07462386610633505,0.07240221120480439,0.07441073246578205,0.07426056561372421,"[0.7403489145147092, 0.7168397540745518, 0.7403489145147092, 0.7403489145147092]",0.02,5,16,16,15,0,0,0,0,62,2
64,222.0,16,16,16,15,0,0.07579690354114997,0.07298087423662779,0.07263678821512241,0.07485820622314232,"[0.7418116908438953, 0.7182560811650929, 0.7182560811650929, 0.7418116908438953]",0.02,5,16,16,15,0,0,0,0,63,2
65,222.0,17,16,16,15,0,0.07462103222571492,0.07356894889238158,0.0732248628708762,0.07546556711595861,"[0.7196470251442311, 0.7196470251442311, 0.7196470251442311, 0.7432482516083512]",0.02,5,16,16,15,0,0,0,0,64,2
66,222.0,17,16,16,16,0,0.07297188727798089,0.07411271945510427,0.07376863343359889,0.07600860329899005,"[0.6994857845218848, 0.7210134433004415, 0.7210134433004415, 0.7446594822118068]",0.02,5,16,16,16,0,0,0,0,65,2
67,222.0,17,16,16,17,0,0.07356047735167232,0.07471942421610923,0.07437533819460386,0.07420427270095772,"[0.7007884022253824, 0.7223561508957715, 0.7223561508957715, 0.7223561508957715]",0.02,5,16,16,17,0,0,0,0,66,2
68,222.0,17,17,16,17,0,0.0741048578631844,0.07506165333084544,0.07493647278197688,0.07253762301469954,"[0.7020687700542317, 0.7236759238452687, 0.7236759238452687, 0.7020687700542317]",0.02,5,17,16,17,0,0,0,0,67,2
69,222.0,17,18,16,17,0,0.07465755145097348,0.0730858602745029,0.07550617629224088,0.07309031660248863,"[0.703327604981028, 0.703327604981028, 0.724973501187368, 0.703327604981028]",0.02,5,18,16,17,0,0,0,0,68,2
70,222.0,17,18,17,17,0,0.07517097442904619,0.07152979002605425,0.0758577474756147,0.07360373958056134,"[0.7045655904152495, 0.6847146774124327, 0.7262495873644359, 0.7045655904152495]",0.02,5,18,17,17,0,0,0,0,69,2
71,222.0,17,18,18,17,0,0.07574013226721688,0.07208291202187884,0.07430709655293116,0.07417289741873202,"[0.7057833782482004, 0.6858981544577769, 0.7057833782482004, 0.7057833782482004]",0.02,5,18,18,17,0,0,0,0,70,2
72,222.0,18,18,18,17,0,0.08159246789434924,0.07259684445030691,0.07273549991249179,0.07470172952473762,"[0.7069815907453785, 0.6870626076962516, 0.6870626076962516, 0.7069815907453785]",0.02,5,18,18,17,0,0,0,0,71,2
73,222.0,19,18,18,17,0,0.07311000317589958,0.07311817311054011,0.07325682857272499,0.07523817229048305,"[0.6882086147739179, 0.6882086147739179, 0.6882086147739179, 0.708160822299677]",0.02,5,18,18,17,0,0,0,0,72,2
74,221.168674978,19,18,18,18,0,0.007604573235746482,0.25552897700981037,0.08560670810224735,0.07826640390613845,"[0.6709511017570942, 0.6893367278298156, 0.6893367278298156, 0.7093216410574804]",0.99,5,18,18,18,0,7,2,2,0,14
75,220.354166434,19,19,18,18,0,0.007609896588759231,0.2969905557059348,0.050255034470413594,0.07825014210250752,"[0.672032223628129, 0.6904474749632694, 0.6904474749632694, 0.6904474749632694]",0.99,5,19,18,18,0,8,1,2,0,14
76,219.81481490200002,19,20,18,18,0,0.007614863013360394,0.30928986301336037,0.05615299412949675,0.09004095890444784,"[0.6730969346945326, 0.6730969346945326, 0.6915413615977452, 0.6915413615977452]",0.99,5,20,18,18,0,7,1,2,0,12
77,219.47916591240005,19,21,18,18,0,0.007619512181698101,0.2597194687617572,0.07314306481354434,0.153133970764966,"[0.6741457060634757, 0.657075955543673, 0.6926188717498495, 0.6926188717498495]",0.99,5,21,18,18,0,8,2,5,0,17
78,219.46225154394,19,22,18,18,0,0.007623877732042756,0.29338149774098277,0.06701751903040454,0.13781337854219775,"[0.6751789891566244, 0.6422233212154351, 0.6936804692112557, 0.6936804692112557]",0.99,5,22,18,18,0,10,2,5,0,19
79,218.921875,19,23,18,18,0,0.007627988414309294,0.3008355140836117,0.04403412625588761,0.15314267926613281,"[0.6761972167826472, 0.628403852619236, 0.6947265986505998, 0.6947265986505998]",0.99,5,23,18,18,0,9,1,5,0,17
80,218.0,19,24,18,18,0,0.007631868978262409,0.2819537358972099,0.01492046609752608,0.11755843087247717,"[0.677200804138049, 0.6155032459695846, 0.6957576866417401, 0.6957576866417401]",0.99,5,24,18,18,0,5,0,2,0,9
81,218.0,19,25,18,18,0,0.009017733722487006,0.28359953304138313,0.016201287252985558,0.11676575779005884,"[0.6781901497419841, 0.6034241082126665, 0.6967741426241857, 0.6967741426241857]",0.97,5,25,18,18,0,5,0,2,1,9
82,218.0,19,26,18,18,0,0.010417336157550175,0.2730833845391343,0.017496222544074,0.11598719884326948,"[0.6791656363101854, 0.5920828749203193, 0.6977763598009737, 0.6977763598009737]",0.95,5,26,18,18,0,5,0,2,2,9
83,218.0,19,27,18,18,0,0.011829651150371908,0.2856079334236466,0.01880421874667251,0.11522170080799018,"[0.6801276315726907, 0.581407387603063, 0.6987647159788033, 0.6987647159788033]",0.9299999999999999,5,27,18,18,0,5,0,2,3,9
84,217.78125,19,28,18,18,0,0.007645480298526586,0.31374874282627796,0.06443445039973197,0.10657241517468306,"[0.6810764890396328, 0.5713349700005246, 0.6997395743548098, 0.6997395743548098]",0.99,5,28,18,18,0,5,1,2,0,10
85,217.78125,19,29,18,18,0,0.00905656045277224,0.3136971948057478,0.06474117792629552,0.10602787068559102,"[0.6820125487189868, 0.5618108863180485, 0.7007012842539805, 0.7007012842539805]",0.97,5,29,18,18,0,5,1,2,1,10
86,217.78125,19,30,18,18,0,0.010478976853338755,0.2462302331282863,0.06505955233878598,0.1054949730824259,"[0.6829361377898348, 0.5527870949416435, 0.7016501818208679, 0.7016501818208679]",0.95,5,30,18,18,0,5,1,2,2,10
87,217.76530598399998,19,31,18,18,0,0.0076540938793148265,0.3421316482879033,0.014943300012736433,0.10658126478768751,"[0.6838475712344025, 0.544221232985895, 0.7025865906689459, 0.7025865906689459]",0.99,5,31,18,18,0,10,0,3,0,15
88,217.742422812,19,32,18,18,0,0.007656721062483076,0.32451593573622095,0.014945999186854887,0.11365539253323453,"[0.6847471524318499, 0.5360757828139424, 0.7035108224906713, 0.7035108224906713]",0.99,5,32,18,18,0,9,0,3,0,14
89,217.65625,19,33,18,18,0,0.007659240649018257,0.40560429800481324,0.014948587815941414,0.0975865525908925,"[0.6856351737165507, 0.5283173832232965, 0.7044231776310619, 0.7044231776310619]",0.99,5,33,18,18,0,7,0,2,0,11
90,217.19354933500006,19,34,18,18,0,0.007661660012853485,0.34885101276599323,0.014951073475992106,0.08374288440478934,"[0.6865119169033685, 0.5209162565441902, 0.7053239456273666, 0.7053239456273666]",0.99,5,34,18,18,0,9,0,2,0,13
91,216.975,19,35,18,18,0,0.007663985827436956,0.39235903318086174,0.014953463023323217,0.04566835087519737,"[0.6873776537822368, 0.5138457292939733, 0.7062134057171969, 0.7062134057171969]",0.99,5,35,18,18,0,10,0,1,0,13
92,216.22222205999998,19,36,18,18,0,0.007666224149943658,0.3153975252131502,0.014955762681090463,0.06946872745604155,"[0.6882326465841608, 0.5070818288617029, 0.7070918273173, 0.7070918273173]",0.99,5,36,18,18,0,5,0,1,0,8
93,216.22222205999998,19,37,18,18,0,0.009116252591138971,0.315397610957998,0.0163025057685647,0.0697141985278602,"[0.6890771484205944, 0.5006029423780914, 0.707959470474974, 0.707959470474974]",0.97,5,37,18,18,0,5,0,1,1,8
94,215.95161288399999,19,38,18,18,0,0.007670459888348131,0.4054663387841961,0.014960114488612702,0.04295522212070663,"[0.6899114036979898, 0.49438952675477765, 0.7088165862939785, 0.7088165862939785]",0.99,5,38,18,18,0,11,0,1,0,14
95,215.95161288399999,19,39,18,18,0,0.009128511921812892,0.3879226858760771,0.016315101033510256,0.043744650935662904,"[0.6907356485091786, 0.4884238610681277, 0.7096634173366395, 0.7096634173366395]",0.97,5,39,18,18,0,11,0,1,1,14
96,215.80645310900002,19,40,18,18,0,0.007674405858519943,0.4073798336002197,0.014964168587576439,0.04567905643945059,"[0.6915501110031156, 0.4826898341728841, 0.7105001980037259, 0.7105001980037259]",0.99,5,40,18,18,0,10,0,1,0,13
97,215.80645310900002,19,41,18,18,0,0.009139952703012415,0.40504615656167653,0.01632685531881546,0.046421240385803274,"[0.6923550117344, 0.47717276177504836, 0.7113271548935475, 0.7113271548935475]",0.97,5,41,18,18,0,10,0,1,1,13
98,215.6875,19,42,18,18,0,0.007678094523789327,0.4251969240132667,0.014967958330882915,0.042963065962976846,"[0.6931505639938811, 0.47185922825681176, 0.7121445071416206, 0.7121445071416206]",0.99,5,42,18,18,0,11,0,1,0,14
99,215.50000153699995,19,43,18,18,0,0.007679851132503309,0.4369495002689665,0.014969763074775284,0.04060772784972636,"[0.6939369741215607, 0.46673694939305216, 0.7129524667421449, 0.7129524667421449]",0.99,5,43,18,18,0,12,0,1,0,15
100,215.44285867899995,19,44,18,18,0,0.007681553402377317,0.40153613690170364,0.014971511990816646,0.04060947676576772,"[0.6947144418029136, 0.46179465277709203, 0.7137512388524428, 0.7137512388524428]",0.99,5,44,18,18,0,12,0,1,0,15
101,215.44285867899995,19,45,18,18,0,0.009160723573124889,0.39444328253378264,0.01634819535924466,0.04146822145187349,"[0.6954831603496643, 0.4570219733196937, 0.7145410220814314, 0.7145410220814314]",0.97,5,45,18,18,0,12,0,1,1,15
102,215.44285867899995,19,46,18,18,0,0.010646252242770257,0.38733397449077894,0.017731411464279916,0.042333498874586505,"[0.6962433169659865, 0.45240936162767414, 0.7153220087631158, 0.7153220087631158]",0.95,5,46,18,18,0,12,0,1,2,15
103,215.373132971,19,47,18,18,0,0.007686361384293208,0.4573911973552647,0.014976451722658034,0.04297155935475197,"[0.6969950930010204, 0.4479480034286423, 0.7160943852160256, 0.7160943852160256]",0.99,5,47,18,18,0,11,0,1,0,14
104,215.373132971,19,48,18,18,0,0.009174728784208165,0.3873306657851001,0.016362584345797373,0.04379213424795002,"[0.6977386641885395, 0.44362974850293513, 0.7168583319894501, 0.7168583319894501]",0.97,5,48,18,18,0,11,0,1,1,14
105,215.36363555599993,19,49,18,18,0,0.007689341633869506,0.5417486091120524,0.014979513638028113,0.04297462127012205,"[0.698474200874542, 0.439447047825903, 0.7176140240972654, 0.7176140240972654]",0.99,5,49,18,18,0,11,0,1,0,14
106,215.36363555599993,19,50,18,18,0,0.009183422857173626,0.38721441684539426,0.01637151665665256,0.0438010665588052,"[0.699201868233486, 0.4353928978235153, 0.718361631240095, 0.718361631240095]",0.97,5,49,18,18,0,11,0,1,1,14
107,215.36363555599993,19,51,18,18,0,0.01068302843688512,0.38469520996953765,0.017769195411942846,0.044633187584154195,"[0.6999218264738399, 0.4314607908098961, 0.7191013180164936, 0.7191013180164936]",0.95,5,49,18,18,0,11,0,1,2,14
108,215.36363555599993,19,52,18,18,0,0.012187940710678712,0.38189169467456013,0.019172326277117985,0.04547076071938804,"[0.7006342310335737, 0.42764467081326174, 0.7198332441237937, 0.7198332441237937]",0.9299999999999999,5,49,18,18,0,11,0,1,3,14
109,215.36363555599993,19,53,18,18,0,0.013697954826899953,0.3661730550062872,0.02058069878711012,0.04631357549943888,"[0.7013392327661719, 0.42393889411192565, 0.7205575645492182, 0.7205575645492182]",0.9099999999999999,5,49,18,18,0,11,0,1,4,14
110,215.36363555599993,19,54,18,18,0,0.01521287775815728,0.35913344592591295,0.02199411462512666,0.04716143360751414,"[0.7020369781177161, 0.42033819389863986, 0.7212744297518124, 0.7212744297518124]",0.8899999999999999,5,49,18,18,0,11,0,1,5,14
111,215.36363555599993,19,55,18,18,0,0.016732527407896686,0.35603631390123197,0.02341238670474303,0.04801414795718921,"[0.7027276092955403, 0.4168376485728539, 0.7219839858357235, 0.7219839858357235]",0.8699999999999999,5,49,18,18,0,11,0,1,6,14
112,215.36363555599993,19,56,18,18,0,0.018256731799655368,0.34501848384735695,0.02483533833694,0.04887154185944489,"[0.7034112644289381, 0.41343265322914186, 0.7226863747153099, 0.7226863747153099]",0.8499999999999999,5,49,18,18,0,11,0,1,7,14
113,215.36363555599993,19,57,18,18,0,0.019785328339996345,0.3490600984603536,0.026262802472840928,0.04973344826540453,"[0.7040880777223628, 0.41011889396823237, 0.7233817342725404, 0.7233817342725404]",0.8299999999999998,5,49,18,18,0,11,0,1,8,14
114,215.36363555599993,19,58,18,18,0,0.021318163147246424,0.3308588084782453,0.027694621014055662,0.05059970907667796,"[0.7047581796015375, 0.4068923247065383, 0.7240701985071072, 0.7240701985071072]",0.8099999999999998,5,49,18,18,0,11,0,1,9,14
115,215.36363555599993,19,59,18,18,0,0.022855090439123787,0.34455268969841574,0.02913064418352762,0.05147017451620864,"[0.7054216968528632, 0.4037491462022505, 0.7247518976796543, 0.7247518976796543]",0.7899999999999998,5,49,18,18,0,11,0,1,10,14
116,215.36363555599993,19,60,18,18,0,0.02439597197317296,0.3166576164347349,0.03057072995063542,0.052344702553375144,"[0.7060787527564878, 0.4006857870521191, 0.7254269584484938, 0.7254269584484938]",0.7699999999999998,5,49,18,18,0,11,0,1,11,14
117,215.36363555599993,19,61,18,18,0,0.02594067653464435,0.30954235698072907,0.03201474350503909,0.05322315837783752,"[0.7067294672133818, 0.3976988864439716, 0.7260955040001625, 0.7260955040001625]",0.7499999999999998,5,49,18,18,0,11,0,1,12,14
118,215.36363555599993,19,62,18,18,0,0.02748907946707946,0.3304946897679988,0.033462556774402255,0.05410541391725939,"[0.707373956866735, 0.3947852784766018, 0.7267576541741457, 0.7267576541741457]",0.7299999999999998,5,49,18,18,0,11,0,1,13,14
119,215.36363555599993,19,63,18,18,0,0.02904106224140501,0.2952841576413506,0.034914047981678395,0.05499134739459424,"[0.7080123352179793, 0.39194197788159163, 0.7274135255820796, 0.7274135255820796]",0.7099999999999997,5,49,18,18,0,11,0,1,14,14
120,215.36363555599993,19,64,18,18,0,0.030596512059812224,0.28814182608016325,0.03636910123813551,0.05588084292111006,"[0.7086447127377179, 0.3891661670014398, 0.7280632317217193, 0.7280632317217193]",0.6899999999999997,5,49,18,18,0,11,0,1,15,14
121,215.36363555599993,19,65,18,18,0,0.032155321491110014,0.2865743868063762,0.03782760616871718,0.056773790121750434,"[0.709271196971825, 0.38645518389553957, 0.7287068830859474, 0.7287068830859474]",0.6699999999999997,5,49,18,18,0,11,0,1,16,14
122,215.36363555599993,19,66,18,18,0,0.03371738813460263,0.2738321074626616,0.03928945756670957,0.05767008378980154,"[0.7098918926429681, 0.38380651146045913, 0.729344587267077, 0.729344587267077]",0.6499999999999997,5,49,18,18,0,11,0,1,17,14
123,215.36363555599993,19,67,18,18,0,0.03528261430985897,0.2692472099663508,0.04075455507500982,0.0585696235681605,"[0.7105069017477845, 0.3812177674639579, 0.7299764490566909, 0.7299764490566909]",0.6299999999999997,5,49,18,18,0,11,0,1,18,14
124,215.36363555599993,19,68,18,18,0,0.03685090677002006,0.27188907590985256,0.042222802891577406,0.05947231365478679,"[0.7111163236499324, 0.37868669540349525, 0.7306025705412438, 0.7306025705412438]",0.6099999999999997,5,49,18,18,0,11,0,1,19,14
125,215.36363555599993,19,69,18,18,0,0.03842217643653618,0.2523087161928028,0.04369410949690242,0.06037806253017051,"[0.7117202551692267, 0.3762111561098922, 0.7312230511936391, 0.7312230511936391]",0.5899999999999996,5,49,18,18,0,11,0,1,20,14
126,215.36363555599993,19,70,18,18,0,0.03999633815344243,0.26107950609108094,0.04516838740154781,0.061286782704874615,"[0.7123187906670526, 0.3737891200254782, 0.7318379879609844, 0.7318379879609844]",0.5699999999999996,5,49,18,18,0,11,0,1,21,14
127,215.36363555599993,19,71,18,18,0,0.04157331045947289,0.23792328212918779,0.04664555291201884,0.06219839048540435,"[0.7129120221282421, 0.37141866009367386, 0.7324474753487107, 0.7324474753487107]",0.5499999999999996,5,49,18,18,0,11,0,1,22,14
128,215.36363555599993,19,72,18,18,0,0.04315301537648336,0.23072024538266697,0.04812552591338818,0.0631128057568324,"[0.7135000392395872, 0.3690979452036583, 0.7330516055012375, 0.7330516055012375]",0.5299999999999996,5,49,18,18,0,11,0,1,23,14
129,215.36363555599993,19,73,18,18,0,0.04473537821280364,0.26933090054791525,0.04960822966725954,0.06402995178076247,"[0.7140829294651538, 0.3668252341396752, 0.7336504682793504, 0.7336504682793504]",0.5099999999999996,5,49,18,18,0,11,0,1,24,14
130,215.36363555599993,19,74,18,18,0,0.04632032738027402,0.21629449395612413,0.051093590623790576,0.0649497550073522,"[0.7146607781185507, 0.3645988699897433, 0.7342441513344498, 0.7342441513344498]",0.48999999999999955,5,49,18,18,0,11,0,1,25,14
131,215.36363555599993,19,75,18,18,0,0.04790779422384022,0.20907213905093294,0.05258153824661828,0.06587214490023861,"[0.7152336684322987, 0.3624172749731504, 0.734832740179822, 0.734832740179822]",0.46999999999999953,5,49,18,18,0,11,0,1,26,14
132,215.36363555599993,19,76,18,18,0,0.04949771286268744,0.20184369183279852,0.05407200484963977,0.06679705377331882,"[0.7158016816244407, 0.3602789456501941, 0.7354163182590738, 0.7354163182590738]",0.4499999999999995,5,49,18,18,0,11,0,1,27,14
133,215.36363555599993,19,77,18,18,0,0.05109002004198917,0.19460931377279814,0.05556492544469867,0.06772441663843642,"[0.7163648969625195, 0.35818244848125974, 0.7359949670118638, 0.7359949670118638]",0.4299999999999995,5,49,18,18,0,11,0,1,28,14
134,215.36363555599993,19,78,18,18,0,0.05268465499443186,0.1935345732321674,0.05706023759931521,0.06865417106311167,"[0.7169233918250497, 0.3561264157055502, 0.7365687659370584, 0.7365687659370584]",0.4099999999999995,5,49,18,18,0,11,0,1,29,14
135,215.36363555599993,19,79,18,18,0,0.05428155931075239,0.18012337815296847,0.05855788130367614,0.06958625703753131,"[0.7174772417605977, 0.3541095415126531, 0.737137792653431, 0.737137792653431]",0.38999999999999946,5,49,18,18,0,11,0,1,30,14
136,215.36363555599993,19,80,18,18,0,0.05588067681859424,0.1810943339546716,0.06005779884617128,0.07052061685008516,"[0.718026520544582, 0.35213057848269114, 0.7377021229580188, 0.7377021229580188]",0.36999999999999944,5,49,18,18,0,11,0,1,31,14
137,215.36363555599993,19,81,18,18,0,0.05748195346904939,0.1656154973987356,0.06155993469682641,0.071457194970799,"[0.7185713002338979, 0.35018833427308904, 0.7382618308822442, 0.7382618308822442]",0.3499999999999994,5,49,18,18,0,11,0,1,32,14
138,215.36363555599993,19,82,18,18,0,0.059085337230308725,0.1679887032701018,0.06306423539803939,0.07239593794207068,"[0.7191116512194643, 0.3482816685320347, 0.7388169887459014, 0.7388169887459014]",0.3299999999999994,5,49,18,18,0,11,0,1,33,14
139,215.36363555599993,19,83,18,18,0,0.06069077798789332,0.1510867464143834,0.0645706494620776,0.07333679427616761,"[0.7196476422767878, 0.3464094900205474, 0.7393676672091065, 0.7393676672091065]",0.3099999999999994,5,49,18,18,0,11,0,1,34,14
140,215.36363555599993,19,84,18,18,0,0.0622982274509842,0.1448580235377602,0.06607912727484096,0.07427971435898967,"[0.7201793406146325, 0.34457075392670716, 0.7399139353223008, 0.7399139353223008]",0.28999999999999937,5,49,18,18,0,11,0,1,35,14
141,215.36363555599993,19,85,18,18,0,0.06390763906440923,0.13846669035328824,0.06758962100543695,0.07522465035964436,"[0.7207068119218794, 0.3427644593570777, 0.7404558605743935, 0.7404558605743935]",0.26999999999999935,5,49,18,18,0,11,0,1,36,14
142,215.36363555599993,19,86,18,18,0,0.06551896792588166,0.12925664182276453,0.06910208452115138,0.07617155614541751,"[0.7212301204126551, 0.34098964699168366, 0.7409935089391287, 0.7409935089391287]",0.24999999999999936,5,49,18,18,0,11,0,1,37,14
143,215.36363555599993,19,87,18,18,0,0.06713217070811961,0.12278039463766575,0.07061647330743369,0.07712038720175853,"[0.7217493288698077, 0.33924539689009814, 0.7415269449197506, 0.7415269449197506]",0.22999999999999937,5,49,18,18,0,11,0,1,38,14
144,215.36363555599993,19,88,18,18,0,0.06874720558550446,0.1146799046970031,0.0721327443925457,0.07807110055692926,"[0.7222644986867973, 0.3375308264372771, 0.7420562315920436, 0.7420562315920436]",0.20999999999999938,5,49,18,18,0,11,0,1,39,14
145,215.36363555599993,19,89,18,18,0,0.07036403216496526,0.10738485052002564,0.0736508562765521,0.07902365471099435,"[0.7227756899080762, 0.3358450884187498, 0.7425814306458179, 0.7425814306458179]",0.1899999999999994,5,49,18,18,0,11,0,1,40,14
146,215.36363555599993,19,90,18,18,0,0.0719826114207998,0.1006716773420056,0.07517076886435532,0.07997800956885628,"[0.7232829612680169, 0.3341873692156556, 0.7431026024249052, 0.7431026024249052]",0.1699999999999994,5,49,18,18,0,11,0,1,41,14
147,215.36363555599993,19,91,18,18,0,0.0736029056331666,0.09380925583319227,0.0766924434025022,0.08093412637706186,"[0.7237863702284546, 0.3325568871109147, 0.7436198059657289, 0.7436198059657289]",0.1499999999999994,5,49,18,18,0,11,0,1,42,14
148,215.36363555599993,19,92,18,18,0,0.0752248783300026,0.08812716698970743,0.07821584241951002,0.0818919676641284,"[0.7242859730149002, 0.3309528906985429, 0.7441330990345101, 0.7441330990345101]",0.12999999999999942,5,49,18,18,0,11,0,1,43,14
149,215.36363555599993,19,93,18,18,0,0.07684849423214009,0.07816229979655415,0.07974092966947953,0.08285149718415662,"[0.724781824651481, 0.3293746573887744, 0.7446425381631657, 0.7446425381631657]",0.10999999999999942,5,49,18,18,0,11,0,1,44,14
150,214.97058961000002,19,93,18,19,0,0.007730480430784763,0.3573026975529732,0.015021779733989733,0.07491535595642501,"[0.7252739789946616, 0.32782149200225286, 0.7451481786839533, 0.7451481786839533]",0.99,5,49,18,19,0,10,0,2,0,14
151,214.97058961000002,19,94,18,19,0,0.009322764652492514,0.3540643971272552,0.016514676742362993,0.07512740138414267,"[0.725762488765796, 0.3280422968383134, 0.7456500747629144, 0.725762488765796]",0.97,5,50,18,19,0,10,0,2,1,14
152,214.5625,19,95,18,19,0,0.007737815640248029,0.3336660556124139,0.015029315945311409,0.08668496329125473,"[0.7262474055825572, 0.32651073730662533, 0.7461482794321675, 0.7262474055825572]",0.99,5,51,18,19,0,8,0,2,0,12
153,214.5625,19,96,18,19,0,0.009326325449344551,0.3308732913480186,0.01651833511335906,0.08667858122861374,"[0.7267287799892949, 0.3250029906523104, 0.7466428446210949, 0.7267287799892949]",0.97,5,52,18,19,0,8,0,2,1,12
154,214.5625,19,97,18,19,0,0.010917149599202152,0.4707126914501654,0.018009732040505926,0.08667451350673384,"[0.7272066614863579, 0.323518434587012, 0.7471338211864709, 0.7272066614863579]",0.95,5,53,18,19,0,8,0,2,2,12
155,214.5625,19,98,18,19,0,0.012510238855842157,0.31569792761652976,0.0195034561436474,0.08667271089163633,"[0.7276810985584301, 0.3220564694478999, 0.7476212589415725, 0.7276810985584301]",0.9299999999999999,5,54,18,19,0,8,0,2,3,12
156,214.5625,19,99,18,19,0,0.014105545552040213,0.3126326404107113,0.020999458449365935,0.08667312571609688,"[0.7281521387019141, 0.32061651715042055, 0.7481052066843146, 0.7281521387019141]",0.9099999999999999,5,55,18,19,0,8,0,2,4,12
157,214.5625,19,100,18,19,0,0.0157030235218051,0.303690889024403,0.022497691526614412,0.08667571181412426,"[0.7286198284514033, 0.319198020199654, 0.7485857122244473, 0.7286198284514033]",0.8899999999999999,5,56,18,19,0,8,0,2,5,12
158,214.5625,19,101,18,19,0,0.01730262803823128,0.30599134181034726,0.023998109422865697,0.08668042445881292,"[0.7290842134052783, 0.31780044075644504, 0.7490628224098531, 0.7290842134052783]",0.8699999999999999,5,57,18,19,0,8,0,2,6,12
159,214.5625,19,102,18,19,0,0.018904315754519757,0.2916623203369107,0.02550066760351734,0.0866872203033639,"[0.7295453382504611, 0.3164232597547593, 0.7495365831519802, 0.7295453382504611]",0.8499999999999999,5,58,18,19,0,8,0,2,7,12
160,214.5625,19,103,18,19,0,0.02050804464797605,0.285640238004362,0.02700532289435495,0.08669605732508268,"[0.7300032467863606, 0.3150659760669796, 0.7500070394504431, 0.7300032467863606]",0.8299999999999998,5,59,18,19,0,8,0,2,8,12
161,214.5625,19,104,18,19,0,0.022113773966807488,0.28467559721092195,0.028512033426891643,0.08670689477217661,"[0.7304579819480401, 0.31372810571409754, 0.7504742354168265, 0.7304579819480401]",0.8099999999999998,5,59,18,19,0,8,0,2,9,12
162,214.5625,19,105,18,19,0,0.023721464179554296,0.28094124749202115,0.030020758586413357,0.0867196931131859,"[0.7309095858286389, 0.31240918111797605, 0.7509382142977193, 0.7309095858286389]",0.7899999999999998,5,59,18,19,0,8,0,2,10,12
163,214.5625,19,106,18,19,0,0.02533107692699999,0.27705021434392224,0.03153145896257158,0.08673441398889409,"[0.731358099701073, 0.31110875039306213, 0.7513990184970124, 0.731358099701073]",0.7699999999999998,5,59,18,19,0,8,0,2,11,12
164,214.5625,19,107,18,19,0,0.026942574976417357,0.2730053871073373,0.03304409630237548,0.08675102016657393,"[0.7318035640390466, 0.3098263766751144, 0.7518566895974838, 0.7318035640390466]",0.7499999999999998,5,59,18,19,0,8,0,2,12,12
165,214.5625,19,108,18,19,0,0.028555922178015603,0.2688095841219998,0.03455863346544561,0.08676947549643468,"[0.7322460185373969, 0.30856163748468346, 0.7523112683817016, 0.7322460185373969]",0.7299999999999998,5,59,18,19,0,8,0,2,13,12
166,214.5625,19,109,18,19,0,0.030171083423463363,0.24940494884382292,0.0360750343814004,0.08678974487014493,"[0.7326855021317988, 0.3073141241232386, 0.7527627948522694, 0.7326855021317988]",0.7099999999999997,5,59,18,19,0,8,0,2,14,12
167,214.5625,19,110,18,19,0,0.03178802460637036,0.2433494762214926,0.037593264009254876,0.0868117941813144,"[0.7331220530178544, 0.30608344109998337, 0.7532113082514377, 0.7331220530178544]",0.6899999999999997,5,59,18,19,0,8,0,2,15,12
168,214.5625,19,111,18,19,0,0.03340671258461816,0.23929558004026608,0.039113288298719226,0.0868355902878247,"[0.733555708669588, 0.3048692055875331, 0.7536568470801066, 0.733555708669588]",0.6699999999999997,5,59,18,19,0,8,0,2,16,12
169,214.5625,19,112,18,19,0,0.035027115144437675,0.23702894952608675,0.04063507415329187,0.08686110097590671,"[0.73398650585737, 0.3036710469047549, 0.7540994491162404, 0.73398650585737]",0.6499999999999997,5,59,18,19,0,8,0,2,17,12
170,214.5625,19,113,18,19,0,0.03664920096613719,0.22515691399812088,0.04215858939504849,0.0868882949258687,"[0.7344144806652912, 0.3024886060251827, 0.7545391514327182, 0.7344144806652912]",0.6299999999999997,5,59,18,19,0,8,0,2,18,12
171,214.5625,19,114,18,19,0,0.03827293959139146,0.21908427700308253,0.04368380273103463,0.08691714167938547,"[0.7348396685080053, 0.30132153510952775, 0.754975990414638, 0.7348396685080053]",0.6099999999999997,5,59,18,19,0,8,0,2,19,12
172,214.5625,19,115,18,19,0,0.03989830139200722,0.21645783463098392,0.045210683721175364,0.08694761160826373,"[0.7352621041470616, 0.3001694970609007, 0.7554100017760967, 0.7352621041470616]",0.5899999999999996,5,59,18,19,0,8,0,2,20,12
173,214.5625,19,116,18,19,0,0.041525257540086465,0.2069267827259159,0.046739202747621014,0.08697967588460545,"[0.7356818217067441, 0.2990321651014547, 0.7558412205764633, 0.7356818217067441]",0.5699999999999996,5,59,18,19,0,8,0,2,21,12
174,214.5625,19,117,18,19,0,0.04315377997951314,0.20243166488633138,0.04826933098545247,0.08701330645229463,"[0.7360988546894366, 0.2979092223692408, 0.7562696812361648, 0.7360988546894366]",0.5499999999999996,5,59,18,19,0,8,0,2,22,12
175,214.5625,19,118,18,19,0,0.04478384139869389,0.20236841421162632,0.04980104037467496,0.08704847599973785,"[0.7365132359905285, 0.2968003615341458, 0.7566954175520013, 0.7365132359905285]",0.5299999999999996,5,59,18,19,0,8,0,2,23,12
176,214.5625,19,119,18,19,0,0.04641541520448723,0.19740391361664017,0.051334303593432905,0.08708515793379368,"[0.7369249979128798, 0.29570528443185495, 0.7571184627120066, 0.7369249979128798]",0.5099999999999996,5,59,18,19,0,8,0,2,24,12
177,214.5625,19,120,18,19,0,0.04804847549726002,0.18256488931653156,0.05286909403238273,0.08712332635482896,"[0.7373341721808593, 0.2946237017148483, 0.7575388493098713, 0.7373341721808593]",0.48999999999999955,5,59,18,19,0,8,0,2,25,12
178,214.5625,19,121,18,19,0,0.049682997047013094,0.17779271752617792,0.05440538577016443,0.08716295603284452,"[0.737740789953972, 0.29355533251950283, 0.7579566093589433, 0.737740789953972]",0.46999999999999953,5,59,18,19,0,8,0,2,26,12
179,214.5625,19,122,18,19,0,0.05131895527052212,0.17036155228143146,0.05594315354991593,0.08720402238461604,"[0.738144881840089, 0.29249990414842897, 0.7583717743058208, 0.738144881840089]",0.4499999999999995,5,59,18,19,0,8,0,2,27,12
180,214.5625,19,123,18,19,0,0.05295632620944206,0.16545562215962242,0.05748237275677765,0.08724650145179846,"[0.7385464779082938, 0.2914571517672258, 0.7587843750435507, 0.7385464779082938]",0.4299999999999995,5,59,18,19,0,8,0,2,28,12
181,214.5625,19,124,18,19,0,0.054595086509327456,0.16042172821992784,0.05902301939633781,0.08729036987994636,"[0.73894560770136, 0.2904268181148867, 0.7591944419244472, 0.73894560770136]",0.4099999999999995,5,59,18,19,0,8,0,2,29,12
182,214.5625,19,125,18,19,0,0.05623521339952285,0.15202994643137596,0.06056507007397185,0.08733560489840425,"[0.7393423002478701, 0.28940865322713716, 0.7596020047725439, 0.7393423002478701]",0.38999999999999946,5,59,18,19,0,8,0,2,30,12
183,214.5625,19,126,18,19,0,0.05787668467388058,0.14692903221811052,0.062108501975031816,0.08738218430102446,"[0.7397365840739901, 0.28840241417202667, 0.7600070928956904, 0.7397365840739901]",0.36999999999999944,5,59,18,19,0,8,0,2,31,12
184,214.5625,19,127,18,19,0,0.059519478672265654,0.13979181174040742,0.06365329284584449,0.08743008642767203,"[0.7401284872149099, 0.2874078647971393, 0.7604097350973059, 0.7401284872149099]",0.3499999999999994,5,59,18,19,0,8,0,2,32,12
185,214.5625,19,128,18,19,0,0.0611635742628095,0.133667788676956,0.06519942097547879,0.08747929014647836,"[0.7405180372259623, 0.2864247754878246, 0.760809959687804, 0.7405180372259623]",0.3299999999999994,5,59,18,19,0,8,0,2,33,12
186,214.5625,19,129,18,19,0,0.06280895082487672,0.12837836916513667,0.0667468651782458,0.08752977483680807,"[0.7409052611934294, 0.2854529229358852, 0.7612077944956939, 0.7409052611934294]",0.3099999999999994,5,59,18,19,0,8,0,2,34,12
187,214.5625,19,130,18,19,0,0.06445558823271068,0.1292057891621884,0.06829560477689608,0.08758152037290451,"[0.7412901857450488, 0.2844920899181918, 0.7616032668783753, 0.7412901857450488]",0.28999999999999937,5,59,18,19,0,8,0,2,35,12
188,214.5625,19,131,18,19,0,0.0661034668397259,0.11527651472489885,0.069845619586482,0.08763450710818221,"[0.7416728370602287, 0.2835420650847256, 0.7619964037326337, 0.7416728370602287]",0.26999999999999935,5,59,18,19,0,8,0,2,36,12
189,214.5625,19,132,18,19,0,0.06775256746341712,0.1091398529183183,0.0713968898988528,0.08768871586013594,"[0.7420532408799808, 0.2826026427555773, 0.7623872315048441, 0.7420532408799808]",0.24999999999999936,5,59,18,19,0,8,0,2,37,12
190,214.5625,19,133,18,19,0,0.06940287137085592,0.10300015179582503,0.07294939646775413,0.08774412789583722,"[0.7424314225165815, 0.2816736227264593, 0.7627757762008985, 0.7424314225165815]",0.22999999999999937,5,59,18,19,0,8,0,2,38,12
191,214.5625,19,134,18,19,0,0.07105436026474787,0.10459429932687839,0.07450312049450296,0.08780072491799168,"[0.7428074068629692, 0.2807548100823128, 0.7631620633958602, 0.7428074068629692]",0.20999999999999938,5,59,18,19,0,8,0,2,39,12
192,214.5625,19,135,18,19,0,0.07270701627002488,0.10165422235816167,0.07605804361421267,0.08785848905153117,"[0.7431812184018877, 0.27984601501861395, 0.763546118243357, 0.7431812184018877]",0.1899999999999994,5,59,18,19,0,8,0,2,40,12
193,214.5625,19,136,18,19,0,0.07436082192094753,0.08456326581524568,0.07761414788254174,0.08791740283071632,"[0.7435528812147817, 0.2789470526700065, 0.7639279654847213, 0.7435528812147817]",0.1699999999999994,5,59,18,19,0,8,0,2,41,12
194,214.5625,19,136,18,20,0,0.07601576014869527,0.07841387941585573,0.07917141576294418,0.08786269451829798,"[0.743922418990454, 0.2780577429459091, 0.7643076294578848, 0.743922418990454]",0.1499999999999994,5,59,18,20,0,8,0,2,42,12
195,214.5625,19,136,18,21,0,0.0782165417007155,0.07256963388759796,0.08128948434860868,0.08685957212411526,"[0.7442898550334925, 0.278195080434599, 0.7646851341060352, 0.725444014993913]",0.12999999999999942,5,59,18,21,0,8,0,2,43,12
196,214.11538477700003,19,136,18,22,0,0.00776989073789036,0.3179126105490424,0.015062269975486906,0.14346659549582205,"[0.7446552122724723, 0.2783316409234972, 0.765060502986044, 0.7083083912065777]",0.99,5,59,18,22,0,7,0,3,0,11
197,214.11538477700003,19,137,18,22,0,0.009438411948479991,0.4061515114190724,0.016633493044161445,0.14224556896798585,"[0.7450185132679411, 0.27846743284511605, 0.7654337592766707, 0.6923608858341638]",0.97,5,59,18,22,0,7,0,3,1,11
198,214.11538477700003,19,138,18,22,0,0.011102905808273056,0.4003973707923771,0.018200578403228442,0.14104037042326056,"[0.7453797802201956, 0.27758380490923956, 0.7658049257865519, 0.6926966185745332]",0.95,5,59,18,22,0,7,0,3,2,11
199,214.11538477700003,19,139,18,22,0,0.012768852659127108,0.30059911994808536,0.019769156568702533,0.13983652217273632,"[0.7457390349768539, 0.27670954082161675, 0.7661740249619816, 0.6930304813405322]",0.9299999999999999,5,59,18,22,0,7,0,3,3,11
200,214.11538477700003,19,140,18,22,0,0.014436230703394948,0.2971192325939757,0.021339205145630105,0.13863400395941528,"[0.7460962990402311, 0.27584447267168233, 0.7665410788944883, 0.6933624941147003]",0.9099999999999999,5,59,18,22,0,7,0,3,4,11
201,214.11538477700003,19,141,18,22,0,0.01610501863279557,0.3825129328057427,0.022910702241833537,0.13743279598107783,"[0.7464515935745242, 0.27498843676272466, 0.7669061093282173, 0.6936926765653566]",0.8899999999999999,5,59,18,22,0,7,0,3,5,11
202,214.11538477700003,19,142,18,22,0,0.017775195613955255,0.28328956940271244,0.024483626453056025,0.13623287887684515,"[0.746804939412811, 0.27414127347660805, 0.7672691376671217, 0.6940210480531052]",0.8699999999999999,5,59,18,22,0,7,0,3,6,11
203,214.11538477700003,19,143,18,22,0,0.01944674127447566,0.27961672177745606,0.026057956848647992,0.13503423371423237,"[0.7471563570638714, 0.27330282714376686, 0.7676301849819697, 0.6943476276371732]",0.8499999999999999,5,59,18,22,0,7,0,3,7,11
204,214.11538477700003,19,144,18,22,0,0.021119635689506196,0.2717325587547964,0.027633672957771423,0.13383684197666976,"[0.7475058667188333, 0.2724729459182315, 0.7679892720171729, 0.694672434081587]",0.8299999999999998,5,59,18,22,0,7,0,3,8,11
205,214.11538477700003,19,145,18,22,0,0.022793859368798942,0.2659490104252911,0.029210754756100122,0.1326406855514729,"[0.7478534882576503, 0.2716514816574566, 0.7683464191974424, 0.6949954858611926]",0.8099999999999998,5,59,18,22,0,7,0,3,9,11
206,214.11538477700003,19,146,18,22,0,0.02446939324422564,0.2678694812906592,0.030789182652994622,0.1314457467182415,"[0.7481992412554163, 0.2708382898067359, 0.7687016466342753, 0.6953168011675238]",0.7899999999999998,5,59,18,22,0,7,0,3,10,11
207,214.11538477700003,19,147,18,22,0,0.026146218657737183,0.2543720669095948,0.03236893747913171,0.1302520081376704,"[0.7485431449885211, 0.2700332292879975, 0.7690549741322794, 0.6956363979145224]",0.7699999999999998,5,59,18,22,0,7,0,3,11,11
208,214.11538477700003,19,148,18,22,0,0.02782431734974688,0.24857876426376935,0.03395000047456941,0.1290594528407536,"[0.7488852184406521, 0.26923616239278536, 0.7694064211953394, 0.6959542937441158]",0.7499999999999998,5,59,18,22,0,7,0,3,12,11
209,214.11538477700003,19,149,18,22,0,0.029503671447920068,0.3305226856707588,0.035532353277229395,0.1278680642183663,"[0.7492254803086472, 0.26844695467924207, 0.7697560070326303, 0.6962705060316565]",0.7299999999999998,5,59,18,22,0,7,0,3,13,11
210,214.11538477700003,19,150,18,22,0,0.031184263456352897,0.23698272110118462,0.0371159779117792,0.12667782601120853,"[0.7495639490082019, 0.2676654748729164, 0.7701037505644807, 0.6965850518912257]",0.7099999999999997,5,59,18,22,0,7,0,3,14,11
211,214.11538477700003,19,151,18,22,0,0.03286607624512454,0.23282292442946115,0.0387008567788982,0.1254887223000958,"[0.749900642679437, 0.2668915947712307, 0.7704496704280928, 0.6968979481808073]",0.6899999999999997,5,59,18,22,0,7,0,3,15,11
212,214.11538477700003,19,152,18,22,0,0.03454909304020733,0.2253743815919245,0.04028697264491121,0.1243007374965824,"[0.750235579192329, 0.26612518915144734, 0.7707937849831222, 0.6972092115073344]",0.6699999999999997,5,59,18,22,0,7,0,3,16,11
213,214.11538477700003,19,153,18,22,0,0.03623329741372042,0.22109872398559816,0.04187430863177512,0.12311385633390393,"[0.7505687761520078, 0.2653661356819863, 0.7711361123171206, 0.6975188582316132]",0.6499999999999997,5,59,18,22,0,7,0,3,17,11
214,214.11538477700003,19,154,18,22,0,0.03791867327451304,0.2196695710668301,0.04346284820740406,0.12192806385822602,"[0.7509002509039269, 0.2646143148369483, 0.7714766702508473, 0.6978269044731269]",0.6299999999999997,5,59,18,22,0,7,0,3,18,11
215,214.11538477700003,19,155,18,22,0,0.039605204859064054,0.2079395399797205,0.045052575176319644,0.12074334542018732,"[0.7512300205389072, 0.2638696098137095, 0.7718154763434519, 0.6981333661147239]",0.6099999999999997,5,59,18,22,0,7,0,3,19,11
216,214.11538477700003,19,156,18,22,0,0.04129287672268543,0.20212212933430584,0.046643473670613333,0.11955968666672448,"[0.7515581018980608, 0.263131906453456, 0.7721525478975318, 0.6984382588071925]",0.5899999999999996,5,59,18,22,0,7,0,3,20,11
217,214.11538477700003,19,157,18,22,0,0.042981673731017266,0.2728296617685429,0.048235528141208434,0.11837707353316847,"[0.7518845115775962, 0.2624010931645377, 0.7724879019640706, 0.6987415979737276]",0.5699999999999996,5,59,18,22,0,7,0,3,21,11
218,214.11538477700003,19,158,18,22,0,0.04467158105180313,0.19047884100153284,0.04982872334941009,0.11719549223560116,"[0.7522092659335087, 0.261677060848521, 0.7728215553472559, 0.6990433988142891]",0.5499999999999996,5,59,18,22,0,7,0,3,22,11
219,214.11538477700003,19,159,18,22,0,0.046362584146934796,0.18586863300441944,0.051423044358731955,0.11601492926346228,"[0.7525323810861605, 0.2609597028288317, 0.7731535246091856, 0.6993436763098578]",0.5299999999999996,5,59,18,22,0,7,0,3,23,11
220,214.11538477700003,19,160,18,22,0,0.04805466876475557,0.1811532737144299,0.053018476526988725,0.11483537137239691,"[0.7528538729247521, 0.2602489147818791, 0.7734838260744614, 0.6996424452265917]",0.5099999999999996,5,59,18,22,0,7,0,3,24,11
221,214.11538477700003,19,161,18,22,0,0.04974782093261272,0.1729932856293264,0.054615005498644335,0.11365680557733411,"[0.7531737571116887, 0.2595445946705619, 0.7738124758346747, 0.6999397201198829]",0.48999999999999955,5,59,18,22,0,7,0,3,25,11
222,214.11538477700003,19,162,18,22,0,0.05144202694964895,0.16822275639465895,0.05621261719740603,0.11247921914578801,"[0.7534920490868439, 0.2588466426800576, 0.7741394897527879, 0.7002355153383208]",0.46999999999999953,5,59,18,22,0,7,0,3,26,11
223,214.11538477700003,19,163,18,22,0,0.05313727337982418,0.16132290715882605,0.057811297819054884,0.11130259959137276,"[0.7538087640717255, 0.2581549611558046, 0.7744648834674137, 0.7005298450275628]",0.4499999999999995,5,59,18,22,0,7,0,3,27,11
224,214.11538477700003,19,164,18,22,0,0.05483354704515866,0.15644794160009645,0.059411033824503745,0.1101269346675233,"[0.7541239170735439, 0.25746945454358805, 0.7747886723969948, 0.700822723134115]",0.4299999999999995,5,59,18,22,0,7,0,3,28,11
225,214.11538477700003,19,165,18,22,0,0.05653083501918926,0.15147252399745575,0.061011811933074214,0.10895221236141399,"[0.7544375228891855, 0.25679002933164635, 0.7751108717438872, 0.7011141634090258]",0.4099999999999995,5,59,18,22,0,7,0,3,29,11
226,214.11538477700003,19,166,18,22,0,0.058229124620630845,0.1437979912194724,0.06261361911598436,0.10777842088806813,"[0.7547495961090979, 0.25611659399471765, 0.7754314964983503, 0.701404179411495]",0.38999999999999946,5,59,18,22,0,7,0,3,30,11
227,214.11538477700003,19,167,18,22,0,0.05992840340723503,0.141225656430188,0.06421644259003914,0.1066055486846508,"[0.7550601511210823, 0.2554490589399504, 0.7757505614424451, 0.7016927845124]",0.36999999999999944,5,59,18,22,0,7,0,3,31,11
228,214.11538477700003,19,168,18,22,0,0.06162865916983924,0.13595680961327103,0.06582026981151645,0.10543358440493841,"[0.7553692021140033, 0.25478733645460516, 0.7760680811538442, 0.7019799918977415]",0.3499999999999994,5,59,18,22,0,7,0,3,32,11
229,214.11538477700003,19,169,18,22,0,0.06332987992659894,0.12625061281914124,0.06742508847024126,0.10426251691395869,"[0.7556767630814119, 0.2541313406554769, 0.7763840700095541, 0.7022658145720118]",0.3299999999999994,5,59,18,22,0,7,0,3,33,11
230,214.11538477700003,19,170,18,22,0,0.06503205391739622,0.12107349160641684,0.06903088648384093,0.10309233528279439,"[0.7559828478250883, 0.2534809874399729, 0.7766985421895565, 0.7025502653614861]",0.3099999999999994,5,59,18,22,0,7,0,3,34,11
231,214.11538477700003,19,171,18,22,0,0.06673516959841856,0.11454028148916617,0.07063765199217556,0.10192302878354534,"[0.7562874699585045, 0.2528361944387812, 0.777011511680364, 0.7028333569174416]",0.28999999999999937,5,59,18,22,0,7,0,3,35,11
232,214.11538477700003,19,172,18,22,0,0.06843921563690153,0.1104348251257202,0.07224537335193656,0.1007545868844426,"[0.7565906429102093, 0.25219688097006976, 0.7773229922784991, 0.7031151017193025]",0.26999999999999935,5,59,18,22,0,7,0,3,36,11
233,214.11538477700003,19,173,18,22,0,0.07014418090602938,0.10497572647667508,0.07385403913140744,0.0995869992451096,"[0.7568923799271384, 0.2515629679951572, 0.7776329975938945, 0.7033955120777159]",0.24999999999999936,5,59,18,22,0,7,0,3,37,11
234,214.11538477700003,19,174,18,22,0,0.07185005447998832,0.09695723575704654,0.0754636381053816,0.0984202557119649,"[0.7571926940778515, 0.25093437807560076, 0.7779415410532187, 0.7036746001375603]",0.22999999999999937,5,59,18,22,0,7,0,3,38,11
235,213.625,19,174,18,23,0,0.0077876391429852285,0.2911760426381984,0.015080504728303102,0.16796351876806834,"[0.7574915982556958, 0.2503110353316472, 0.7782486359031269, 0.7039523778808866]",0.99,5,59,18,23,0,7,0,4,0,12
236,213.625,19,175,18,23,0,0.009491148884402107,0.287954720968942,0.016687675095206772,0.1662433515001541,"[0.7577891051819032, 0.250409345685041, 0.7785542952134425, 0.6887494095544033]",0.97,5,60,18,23,0,7,0,4,1,12
237,213.612903859,19,176,18,23,0,0.0077936117966448115,0.2765950571112133,0.015086641046612104,0.1829503046851274,"[0.7580852274086171, 0.24979043820528918, 0.7788585318802667, 0.6890185530501469]",0.99,5,61,18,23,0,6,0,4,0,11
238,213.612903859,19,177,18,23,0,0.009492737766201395,0.2674975973487465,0.016689307516075537,0.18094176532108075,"[0.758379977321854, 0.24917663972447726, 0.7791613586290219, 0.6892864492594221]",0.97,5,62,18,23,0,6,0,4,1,11
239,213.612903859,19,178,18,23,0,0.011192908311961647,0.42225628014445893,0.01829304718556848,0.17893417536530423,"[0.7586733671444018, 0.2485678786474878, 0.7794627880174291, 0.6895531092914379]",0.95,5,63,18,23,0,6,0,4,2,11
240,213.612903859,19,179,18,23,0,0.012894111095918124,0.25768462444928303,0.01989784737899329,0.1769275236038661,"[0.758965408938654, 0.24796408478774362, 0.7797628324384192, 0.6898185441096227]",0.9299999999999999,5,64,18,23,0,6,0,4,3,11
241,213.612903859,19,180,18,23,0,0.014596333998003835,0.2546700905288313,0.021503695644164857,0.17492179902091914,"[0.759256114609384, 0.24736518933166304, 0.7800615041229841, 0.6900827645341447]",0.9099999999999999,5,65,18,23,0,6,0,4,4,11
242,213.612903859,19,181,18,23,0,0.016299565111024133,0.25155428865141993,0.02311057974760361,0.17291699079409445,"[0.7595454959064589, 0.24677112480420646, 0.780358815142965, 0.6903457812443792]",0.8899999999999999,5,65,18,23,0,6,0,4,5,11
243,213.612903859,19,182,18,23,0,0.01800379273573412,0.24833847185814661,0.024718487669478033,0.1709130882900272,"[0.759833564427497, 0.24618182503547514, 0.7806547774137821, 0.690607604781323]",0.8699999999999999,5,65,18,23,0,6,0,4,6,11
244,213.612903859,19,183,18,23,0,0.019709005376056563,0.2380279877591679,0.026327407598691552,0.1689100810600102,"[0.7601203316204673, 0.24559722512832433, 0.780949402697105, 0.6908682455499581]",0.8499999999999999,5,65,18,23,0,6,0,4,7,11
245,213.612903859,19,184,18,23,0,0.021415191734435634,0.23310760446607856,0.027937327928108945,0.16690795883577125,"[0.7604058087862343, 0.2450172614269543, 0.7812427026034688, 0.6911277138215639]",0.8299999999999998,5,65,18,23,0,6,0,4,8,11
246,213.612903859,19,185,18,23,0,0.023122340707321797,0.23149091017487716,0.029548237249917498,0.16490671152536893,"[0.7606900070810505, 0.24444187148644497, 0.7815346885948329, 0.6913860197359832]",0.8099999999999998,5,65,18,23,0,6,0,4,9,11
247,213.612903859,19,186,18,23,0,0.02483044138078355,0.23449940218994664,0.03116012435111852,0.16290632920920445,"[0.7609729375189942, 0.2438709940432004, 0.7818253719870873, 0.6916431733038376]",0.7899999999999998,5,65,18,23,0,6,0,4,10,11
248,213.612903859,19,187,18,23,0,0.026539483026241706,0.21833196244943165,0.03277297820914471,0.16090680213614458,"[0.7612546109743589, 0.2433045689862714, 0.7821147639525063, 0.691899184408699]",0.7699999999999998,5,65,18,23,0,6,0,4,11,11
249,213.612903859,19,188,18,23,0,0.028249455096322245,0.21491410380398734,0.03438678798759939,0.15890812071975213,"[0.7615350381839908, 0.2427425373295258, 0.7824028755221513, 0.6921540628092148]",0.7499999999999998,5,65,18,23,0,6,0,4,12,11
250,213.612903859,19,189,18,23,0,0.029960347220823667,0.20846972441728406,0.03600154303211334,0.1569102755346209,"[0.7618142297495798, 0.24218484118463623, 0.7826897175882225, 0.692407818141189]",0.7299999999999998,5,65,18,23,0,6,0,4,13,11
251,213.612903859,19,190,18,23,0,0.03167214920279536,0.2191551400608572,0.03761723286631568,0.15491325731281114,"[0.7620921961399012, 0.24163142373485794, 0.7829753009063644, 0.6926604599196214]",0.7099999999999997,5,65,18,23,0,6,0,4,14,11
252,213.612903859,19,191,18,23,0,0.03338485101472299,0.2150923028879259,0.03923384718791481,0.1529170569403827,"[0.7623689476930131, 0.24108222920956912, 0.7832596360979223, 0.6929119975407032]",0.6899999999999997,5,65,18,23,0,6,0,4,15,11
253,213.612903859,19,192,18,23,0,0.03509844279481781,0.19365916579192374,0.04085137586488595,0.15092166545402233,"[0.7626444946184078, 0.24053720285954752, 0.7835427336521519, 0.6931624402837729]",0.6699999999999997,5,65,18,23,0,6,0,4,16,11
254,213.612903859,19,193,18,23,0,0.03681291484340632,0.19000240966558146,0.0424698089317619,0.14892707403776206,"[0.7629188469991193, 0.23999629093295866, 0.7838246039283863, 0.6934117973132323]",0.6499999999999997,5,65,18,23,0,6,0,4,17,11
255,213.612903859,19,194,18,23,0,0.038528257619417035,0.186254594425508,0.04408913658602354,0.14693327401978643,"[0.7631920147937884, 0.23945944065203115, 0.7841052571581559, 0.693660077680423]",0.6299999999999997,5,65,18,23,0,6,0,4,18,11
256,213.612903859,19,195,18,23,0,0.04024446173696139,0.18241678883616005,0.04570934918458707,0.14494025686932452,"[0.763464007838686, 0.23892660019039658, 0.7843847034472686, 0.693907290325465]",0.6099999999999997,5,65,18,23,0,6,0,4,19,11
257,213.612903859,19,196,18,23,0,0.04196151796200571,0.1738806699472797,0.04733043724038475,0.1429480141936254,"[0.763734835849695, 0.23839771865107084, 0.7846629527778455, 0.6941534440790592]",0.5899999999999996,5,65,18,23,0,6,0,4,20,11
258,213.612903859,19,197,18,23,0,0.04367941720913138,0.16893065133820964,0.048952391419036255,0.14095653773501332,"[0.7640045084242537, 0.23787274604505648, 0.7849400150103164, 0.6943985476642522]",0.5699999999999996,5,65,18,23,0,6,0,4,21,11
259,213.612903859,19,198,18,23,0,0.045398150538380394,0.16397852000766006,0.050575202535607905,0.13896581936802072,"[0.7642730350432584, 0.23735163327054468, 0.7852158998853769, 0.694642609698167]",0.5499999999999996,5,65,18,23,0,6,0,4,22,11
260,213.612903859,19,199,18,23,0,0.04711770915218372,0.16107062993781482,0.052198861551456706,0.13697585109659643,"[0.7645404250729301, 0.23683433209269747, 0.785490617025904, 0.6948856386936985]",0.5299999999999996,5,65,18,23,0,6,0,4,23,11
261,213.612903859,19,200,18,23,0,0.04883808439236972,0.1540680065761622,0.05382335957115695,0.1349866250513866,"[0.7648066877666426, 0.23632079512399148, 0.7857641759388356, 0.6951276430611761]",0.5099999999999996,5,65,18,23,0,6,0,4,24,11
262,213.612903859,19,201,18,23,0,0.05055926773725046,0.15286445657825382,0.05544868783950655,0.1329981334870865,"[0.7650718322667162, 0.23581097580510385, 0.7860365860170129, 0.6953686311099926]",0.48999999999999955,5,65,18,23,0,6,0,4,25,11
263,213.612903859,19,202,18,23,0,0.05228125079878303,0.14414930099144305,0.05707483773861064,0.13101036877986044,"[0.7653358676061733, 0.2353048283863239, 0.7863078565409842, 0.6956086110502017]",0.46999999999999953,5,65,18,23,0,6,0,4,26,11
264,213.612903859,19,203,18,23,0,0.05400402531980408,0.14004244152186113,0.05870180078504032,0.12902332342482842,"[0.765598802710463, 0.23480230790947268, 0.7865779966807768, 0.6958475909940834]",0.4499999999999995,5,65,18,23,0,6,0,4,27,11
265,213.612903859,19,204,18,23,0,0.055727583171334985,0.14399529650742282,0.06032956862706399,0.12703699003361643,"[0.7658606463991492, 0.2343033701903145, 0.7868470154976311, 0.6960855789576804]",0.4299999999999995,5,65,18,23,0,6,0,4,28,11
266,213.612903859,19,205,18,23,0,0.057451916349955626,0.1292562440008554,0.06195813304194913,0.12505136133196998,"[0.7661214073875674, 0.2338079718014445, 0.7871149219457033, 0.6963225828623021]",0.4099999999999995,5,65,18,23,0,6,0,4,29,11
267,213.612903859,19,206,18,23,0,0.05917701697524469,0.12428797215158499,0.0635874859333325,0.12306643015742716,"[0.7663810942884488, 0.2333160700556373, 0.7873817248737335, 0.6965586105360018]",0.38999999999999946,5,65,18,23,0,6,0,4,30,11
268,213.612903859,19,207,18,23,0,0.060902877287284544,0.11931777302471383,0.06521761932865659,0.12108218945705121,"[0.7666397156135132, 0.23282762298964182, 0.7876474330266824, 0.6967936697150243]",0.36999999999999944,5,65,18,23,0,6,0,4,31,11
269,213.612903859,19,207,18,24,0,0.0626294896442286,0.11434811129981995,0.06684852537667044,0.11900375411198291,"[0.7668972797750309, 0.23234258934840848, 0.7879120550473362, 0.6970277680452255]",0.3499999999999994,5,65,18,24,0,6,0,4,32,11
270,213.612903859,19,207,18,25,0,0.064711637227677,0.10952900768776244,0.06884470914615295,0.11676534164670627,"[0.7671537950873555, 0.23242030436115504, 0.7881755994778812, 0.6825800917908741]",0.3299999999999994,5,65,18,25,0,6,0,4,33,11
271,212.666667146,19,207,18,26,0,0.007811871551759274,0.2771377713302964,0.015105401161631834,0.16765007901677267,"[0.7674092697684263, 0.23249770409965767, 0.7884380747614473, 0.6690118910513827]",0.99,5,65,18,26,0,5,0,3,0,9
272,212.666667146,19,208,18,26,0,0.009561664134923155,0.3293595270670848,0.016760122628162573,0.16587838813589673,"[0.7676637119412432, 0.23257479102489623, 0.7886994892436237, 0.6562376421692641]",0.97,5,66,18,26,0,5,0,3,1,9
273,212.666667146,19,209,18,26,0,0.011307555547551015,0.26705884124693646,0.018410836022979944,0.16411922298707665,"[0.7679171296353122, 0.23209163518714604, 0.7889598511739435, 0.6564542763900211]",0.95,5,67,18,26,0,5,0,3,2,9
274,212.666667146,19,210,18,26,0,0.013054299425275136,0.26202538864180075,0.02006242524242672,0.16236078656839728,"[0.7681695307880662, 0.2316118280915796, 0.7892191687073438, 0.6566700416200137]",0.9299999999999999,5,68,18,26,0,5,0,3,3,9
275,212.666667146,19,211,18,26,0,0.01480188720457892,0.258650401705048,0.02171488148832596,0.16060307155933287,"[0.7684209232462552, 0.2311353302862274, 0.7894774499055942, 0.6568849445670398]",0.9099999999999999,5,69,18,26,0,5,0,3,4,9
276,212.666667146,19,212,18,26,0,0.016550310450610072,0.5270430585879885,0.023368196094690742,0.15884607074934648,"[0.768671314767315, 0.2306621029726258, 0.7897347027387017, 0.6570989918625463]",0.8899999999999999,5,70,18,26,0,5,0,3,5,9
277,212.666667146,19,213,18,26,0,0.01829956085463469,0.24691240441408102,0.025022360525108443,0.15708977703571345,"[0.7689207130207059, 0.23019210799191206, 0.7899909350862881, 0.6573121900627744]",0.8699999999999999,5,71,18,26,0,5,0,3,6,9
278,212.666667146,19,214,18,26,0,0.02004963023155357,0.24340489880710747,0.02667736637018906,0.15533418342139835,"[0.7691691255892296, 0.22972530781127995, 0.7902461547389417, 0.6575245456498856]",0.8499999999999999,5,72,18,26,0,5,0,3,7,9
279,212.666667146,19,215,18,26,0,0.02180051051747896,0.23981237606260686,0.028333205345075486,0.1535792830129834,"[0.7694165599703207, 0.22926166551078456, 0.7905003693995439, 0.6577360650330647]",0.8299999999999998,5,73,18,26,0,5,0,3,8,9
280,212.666667146,19,216,18,26,0,0.023552193767369937,0.23178090940162321,0.02998986928701414,0.1518250690186471,"[0.7696630235773135, 0.22880114477048621, 0.7907535866845722, 0.6579467545496038]",0.8099999999999998,5,74,18,26,0,5,0,3,9,9
281,212.666667146,19,217,18,26,0,0.025304672152724812,0.2267330567047134,0.0316473501529841,0.15007153474619145,"[0.7699085237406875, 0.228343709857923, 0.7910058141253777, 0.6581566204659662]",0.7899999999999998,5,75,18,26,0,5,0,3,10,9
282,212.666667146,19,218,18,26,0,0.027057937959328857,0.22305333231567306,0.033305640017383176,0.14831867360111686,"[0.7701530677092874, 0.22788932561590178, 0.7912570591694409, 0.6583656689788299]",0.7699999999999998,5,76,18,26,0,5,0,3,11,9
283,212.666667146,19,219,18,26,0,0.02881198358505585,0.2166314347643162,0.03496473106976913,0.1465664790847426,"[0.7703966626515232, 0.22743795745059886, 0.7915073291816026, 0.658573906216113]",0.7499999999999998,5,76,18,26,0,5,0,3,12,9
284,212.666667146,19,220,18,26,0,0.030566801537721816,0.2128674555269169,0.03662461561265466,0.1448149447923721,"[0.7706393156565469, 0.22698957131996023, 0.7917566314452745, 0.6587813382379802]",0.7299999999999998,5,76,18,26,0,5,0,3,13,9
285,212.666667146,19,221,18,26,0,0.032322384432989605,0.20652204816493724,0.03828528605935455,0.1430640644115016,"[0.7708810337354087, 0.2265441337223929, 0.7920049731636256, 0.6589879710378307]",0.7099999999999997,5,76,18,26,0,5,0,3,14,9
286,212.666667146,19,222,18,26,0,0.034078724992322784,0.20872764653450263,0.03994673493188347,0.14131383172007134,"[0.7711218238221921, 0.22610161168573908, 0.7922523614607495, 0.6591938105432683]",0.6899999999999997,5,76,18,26,0,5,0,3,15,9
287,212.666667146,19,223,18,26,0,0.03583581604098749,0.2046043427537066,0.04160895485890312,0.13956424058475697,"[0.7713616927751278, 0.2256619727565241, 0.7924988033828085, 0.6593988626170547]",0.6699999999999997,5,76,18,26,0,5,0,3,16,9
288,212.666667146,19,224,18,26,0,0.03759365050610097,0.19134372590926035,0.04327193857371725,0.13781528495930184,"[0.771600647377689, 0.22522518498947064, 0.7927443058991589, 0.6596031330580447]",0.6499999999999997,5,76,18,26,0,5,0,3,17,9
289,212.666667146,19,225,18,26,0,0.03935222141472539,0.1873743074567409,0.04493567891231325,0.13606695888288708,"[0.7718386943396659, 0.22479121693727155, 0.7929888759034547, 0.6598066276021052]",0.6299999999999997,5,76,18,26,0,5,0,3,18,9
290,212.666667146,19,226,18,26,0,0.041111521892005815,0.18121555370594167,0.04660016881144913,0.1343192564785402,"[0.7720758402982215, 0.22436003764061305, 0.7932325202147327, 0.6600093519230179]",0.6099999999999997,5,76,18,26,0,5,0,3,19,9
291,212.666667146,19,227,18,26,0,0.042871545159351,0.17614873142720378,0.048265401306784396,0.13257217195157955,"[0.772312091818929, 0.22393161661844216, 0.7934752455784779, 0.6602113116333653]",0.5899999999999996,5,76,18,26,0,5,0,3,20,9
292,212.666667146,19,228,18,26,0,0.04463228453265591,0.17303887004317106,0.049931369531053954,0.13082569958809528,"[0.7725474553967897, 0.2235059238584704, 0.7937170586676702, 0.6604125122854024]",0.5699999999999996,5,76,18,26,0,5,0,3,21,9
293,212.666667146,19,229,18,26,0,0.046393733420564826,0.16600969720015551,0.05159806671228355,0.12907983375346416,"[0.7727819374572346, 0.22308292980790745, 0.7939579660838121, 0.6606129593719116]",0.5499999999999996,5,76,18,26,0,5,0,3,22,9
294,212.666667146,19,230,18,26,0,0.04815588532277388,0.16093751763837086,0.05326548617204582,0.12733456889089872,"[0.7730155443571066, 0.22266260536441806, 0.7941979743579389, 0.6608126583270424]",0.5299999999999996,5,76,18,26,0,5,0,3,23,9
295,212.666667146,19,231,18,26,0,0.049918733828372086,0.15759827820766148,0.05493362132375587,0.12558989952002908,"[0.7732482823856274, 0.2222449218672962, 0.7944370899516118, 0.6610116145271385]",0.5099999999999996,5,76,18,26,0,5,0,3,24,9
296,212.666667146,19,232,18,26,0,0.05168227261421959,0.15327943834052676,0.05660246567100505,0.12384582023551655,"[0.7734801577653452, 0.2218298510888495, 0.7946753192578913, 0.6612098332915483]",0.48999999999999955,5,76,18,26,0,5,0,3,25,9
297,212.666667146,19,233,18,26,0,0.053446495443362455,0.14888619450203522,0.058272012805932305,0.1221023257056984,"[0.7737111766530685, 0.22141736522598932, 0.7949126686022965, 0.6614073198834216]",0.46999999999999953,5,76,18,26,0,5,0,3,26,9
298,212.666667146,19,234,18,26,0,0.05521139616348273,0.1406314172771027,0.05994225640763185,0.12035941067126313,"[0.7739413451407814, 0.22100743689201935, 0.7951491442437464, 0.6616040795104937]",0.4499999999999995,5,76,18,26,0,5,0,3,27,9
299,212.666667146,19,235,18,26,0,0.05697696870538303,0.13987948234191142,0.061613190240596104,0.11861706994395482,"[0.7741706692565447, 0.2206000391086183, 0.7953847523754847, 0.661800117325855]",0.4299999999999995,5,76,18,26,0,5,0,3,28,9
300,212.666667146,19,236,18,26,0,0.05874320708150471,0.1304681516499389,0.06328480815319333,0.1168752984053065,"[0.7743991549653804, 0.22019514529801051, 0.795619499125989, 0.6619954384287068]",0.4099999999999995,5,76,18,26,0,5,0,3,29,9
301,212.666667146,19,237,18,26,0,0.0605101053844786,0.13058401699425892,0.06495710407617869,0.11513409100540115,"[0.7746268081701418, 0.21979272927531965, 0.7958533905598643, 0.6621900478651059]",0.38999999999999946,5,76,18,26,0,5,0,3,30,9
302,212.666667146,19,238,18,26,0,0.062277657785707624,0.12029823373138185,0.06663007202123791,0.11339344276166019,"[0.7748536347123685, 0.21939276524110068, 0.796086432678722, 0.6623839506286947]",0.36999999999999944,5,76,18,26,0,5,0,3,31,9
303,212.666667146,19,239,18,26,0,0.06404585853398047,0.11521081608673289,0.06830370607956308,0.1116533487576582,"[0.7750796403731259, 0.2189952277740446, 0.7963186314220426, 0.6625771516614194]",0.3499999999999994,5,76,18,26,0,5,0,3,32,9
304,212.666667146,19,240,18,26,0,0.06581470195411522,0.11883464938476636,0.0699780004204591,0.10991380414196364,"[0.7753048308738325, 0.2186000918238517, 0.7965499926680245, 0.6627696558542371]",0.3299999999999994,5,76,18,26,0,5,0,3,33,9
305,212.666667146,19,241,18,26,0,0.0675841824456327,0.10503113361663591,0.07165294928998052,0.1081748041270045,"[0.7755292118770707, 0.21820733270426868, 0.7967805222344181, 0.6629614680478084]",0.3099999999999994,5,76,18,26,0,5,0,3,34,9
306,212.666667146,19,241,18,27,0,0.06935429448145813,0.09994046016286778,0.07332854700959783,0.10637471678698718,"[0.7757527889873859, 0.2178169260862851, 0.7970102258793464, 0.6631525930331815]",0.28999999999999937,5,76,18,27,0,5,0,3,35,9
307,212.666667146,19,241,18,28,0,0.07146388749469443,0.09498334168549438,0.07535292827769736,0.10381724081721325,"[0.7759755677520708, 0.21787947821166556, 0.7972391093021112, 0.6509430069270394]",0.26999999999999935,5,76,18,28,0,5,0,3,36,9
308,212.666667146,19,241,18,29,0,0.07357660983111118,0.09002710186375149,0.07738052461973578,0.10125276481335707,"[0.7761975536619379, 0.21794180771818894, 0.7974671781439856, 0.6393962052454745]",0.24999999999999936,5,76,18,29,0,5,0,3,37,9
309,212.666667146,19,241,18,30,0,0.07569242094656108,0.08507172931359806,0.07941129438056153,0.09905475680987544,"[0.7764187521520775, 0.21800391613192732, 0.7976944379889942, 0.628454466986256]",0.22999999999999937,5,76,18,30,0,5,0,3,38,9
309,212.666667146,19,241,18,31,0,0.07781127549167728,0.08011721130177708,0.0814451909681293,0.09610318946716767,"[0.7766391686026044, 0.2180658049635167, 0.7979208943646798, 0.6180668670930665]",0.20999999999999938,5,76,18,31,0,5,0,3,38,9
310,212.666667146,19,241,18,31,0,0.07781127549167728,0.08011721130177708,0.0814451909681293,0.09610318946716767,"[0.7766391686026044, 0.2180658049635167, 0.7979208943646798, 0.6180668670930665]",0.20999999999999938,5,76,18,31,0,5,0,3,39,9
