Iteration,Objective,Hyper choice BP,Hyper choice BE1,Hyper choice BE2,Hyper choice Exact,Average runtime,Quality BP,Quality BE1,Quality BE2,Quality Exact,Selection score BP,Selection score BE1,Selection score BE2,Selection score Exact,Exploration,Theta,Accepted columns BP,Accepted columns BE1,Accepted columns BE2,Accepted columns Exact,Active path BP,Active path BE1,Active path BE2,Active path Exact,No improvement,Total active paths
1,224.0,0,0,0,0,0,0,0,0,0,10000000000.0,10000000000.0,10000000000.0,10000000000.0,"[0, 0, 0, 0]",1,0,0,0,0,0,0,0,0,0,2
2,224.0,1,0,0,0,0,0,0,0,0,0,10000000000.0,10000000000.0,10000000000.0,"[0, 0, 0, 0]",0.98,1,0,0,0,0,0,0,0,1,2
3,224.0,1,1,0,0,0,0,0.0,0,0,0,0.01200000000000001,10000000000.0,10000000000.0,"[0, 1.1774100225154747, 0, 0]",0.96,1,1,0,0,0,0,0,0,2,2
4,224.0,1,1,1,0,0,0,0.0,0.08333333333333333,0,0,0.009000000000000008,0.08733333333333333,10000000000.0,"[0, 1.4823038073675112, 1.4823038073675112, 0]",0.94,1,1,1,0,0,0,0,0,3,2
5,224.0,1,1,1,1,0,0,0.0625,0.125,0.0,0,0.0655,0.123,0.008000000000000007,"[0, 1.6651092223153954, 1.6651092223153954, 1.6651092223153954]",0.9199999999999999,1,1,1,1,0,0,0,0,4,2
6,224.0,1,1,2,1,0,0,0.05,0.1,0.0,0,0.056081941875543884,0.09783611624891225,0.011081941875543889,"[0, 1.7941225779941015, 1.2686362411795196, 1.7941225779941015]",0.8999999999999999,1,1,2,1,0,0,0,0,5,2
7,224.0,1,1,3,1,0,0,0.041666666666666664,0.08333333333333333,0.0,0,0.050634500387350345,0.08139766589196598,0.013967833720683687,"[0, 1.8930184728248454, 1.0929347248663588, 1.8930184728248454]",0.8799999999999999,1,1,3,1,0,0,0,0,6,2
8,224.0,1,1,4,1,0,0,0.03571428571428571,0.10714285714285714,0.0,0,0.04751428571428572,0.10054285714285713,0.016800000000000013,"[0, 1.9727697022487511, 0.9863848511243756, 1.9727697022487511]",0.8599999999999999,1,1,4,1,0,0,0,0,7,2
9,224.0,1,1,5,1,0,0,0.03125,0.125,0.0,0,0.04586414405684265,0.11377171188631471,0.019614144056842652,"[0, 2.039333980337618, 0.9120178817720266, 2.039333980337618]",0.8399999999999999,1,1,5,1,0,0,0,0,8,2
10,224.0,1,1,6,1,0,0,0.027777777777777776,0.16666666666666666,0.0,0,0.04520071490341729,0.14582079241538765,0.022422937125639513,"[0, 2.09629414793641, 0.8558085022044397, 2.09629414793641]",0.8199999999999998,1,1,6,1,0,0,0,0,9,2
11,224.0,1,1,7,1,0,0,0.025,0.125,0.0,0,0.04523166375318982,0.1095366724936204,0.02523166375318982,"[0, 2.145966026289347, 0.8110989182221586, 2.145966026289347]",0.7999999999999998,1,1,7,1,0,0,0,0,10,2
12,224.0,1,1,8,1,0,0,0.022727272727272728,0.045454545454545456,0.0,0,0.0457699762681357,0.045369138372819556,0.02804270354086297,"[0, 2.189929347170073, 0.7742569458516938, 2.189929347170073]",0.7799999999999998,1,1,8,1,0,0,0,0,11,2
13,224.0,1,2,8,1,0,0,0.041666666666666664,0.0625,0.0,0,0.0563731607032153,0.05985324701827431,0.034940258945177084,"[0, 1.5763586678760644, 0.7881793339380322, 2.2293078072747154]",0.7599999999999998,1,2,8,1,0,0,0,0,12,2
14,224.0,1,2,9,1,0,0,0.038461538461538464,0.11538461538461539,0.0,0,0.05549214256506965,0.09812696435873258,0.038227046922351654,"[0, 1.6015459273656616, 0.754975990414638, 2.2649279712439143]",0.7399999999999998,1,2,9,1,0,0,0,0,13,2
15,224.0,1,2,10,1,0,0,0.03571428571428571,0.08928571428571429,0.0,0,0.055070266267164325,0.07741410789819396,0.041515625834641766,"[0, 1.624517568269195, 0.7265063426585151, 2.2974147773596556]",0.7199999999999998,1,2,10,1,0,0,0,0,14,2
16,224.0,1,2,11,1,0,0,0.03333333333333333,0.11666666666666667,0.0,0,0.05501661324129165,0.09517646261241071,0.04480692414629766,"[0, 1.6456154475156735, 0.7016927845124, 2.3272516843273356]",0.6999999999999997,1,2,11,1,0,0,0,0,15,2
17,224.0,1,2,12,1,0,0,0.03125,0.046875,0.0,0,0.05526286005106039,0.04576069196963202,0.04810144797930766,"[0, 1.6651092223153954, 0.6797779934458726, 2.3548200450309493]",0.6799999999999997,1,2,12,1,0,0,0,0,16,2
18,224.0,1,3,12,1,0,0,0.04411764705882353,0.058823529411764705,0.0,0,0.060676556888190854,0.054602984326448355,0.054661635255949075,"[0, 1.3743394398901159, 0.6871697199450579, 2.380425736735434]",0.6599999999999997,1,3,12,1,0,0,0,0,17,2
19,224.0,1,4,12,1,0,0,0.013888888888888888,0.06944444444444445,0.0,0,0.039078831688218185,0.061874616046456596,0.0603798855986586,"[0, 1.2021588409807094, 0.694066730448901, 2.4043176819614187]",0.6399999999999997,1,4,12,1,0,0,0,0,18,2
20,224.0,1,4,13,1,0,0,0.013157894736842105,0.06578947368421052,0.0,0,0.04022810986245461,0.05857882830737307,0.06414043025122503,"[0, 1.213350522142394, 0.6730457727223702, 2.426701044284788]",0.6199999999999997,1,4,13,1,0,0,0,0,19,2
21,224.0,1,4,13,2,0,0,0.025,0.075,0.0,0,0.05541882309732505,0.067420329103279,0.057160847799396,"[0, 1.2238734153404083, 0.6788828236441657, 1.7308183826022854]",0.5999999999999996,1,4,13,2,0,0,0,0,20,2
22,224.0,1,4,14,2,0,0,0.023809523809523808,0.08333333333333333,0.0,0,0.05653969633970418,0.07117357128842963,0.06042958951472338,"[0, 1.2337995051310855, 0.6594935760245371, 1.7448559934055943]",0.5799999999999996,1,4,14,2,0,0,0,0,21,2
23,224.0,1,4,15,2,0,0,0.022727272727272728,0.18181818181818182,0.0,0,0.05776906933612917,0.12507766557143013,0.06369871963789529,"[0, 1.24318993990426, 0.6419805244562399, 1.7581360736183977]",0.5599999999999996,1,4,15,2,0,0,0,0,22,2
24,224.0,1,4,16,2,0,0,0.021739130434782608,0.11956521739130435,0.0,0,0.059093244004834164,0.08824227417633008,0.06696882964492275,"[0, 1.2520970840811725, 0.6260485420405862, 1.7707326777153998]",0.5399999999999996,1,4,16,2,0,0,0,0,23,2
25,224.0,1,4,17,2,0,0,0.020833333333333332,0.07291666666666667,0.0,0,0.06050075454764496,0.062008904762978434,0.07024034068937669,"[0, 1.2605661090057803, 0.6114643782946704, 1.782709687623856]",0.5199999999999996,1,4,17,2,0,0,0,0,24,2
26,224.0,1,4,17,3,0,0,0.03,0.08,0.0,0,0.07182309382053323,0.0675632491525224,0.06561365702694445,"[0, 1.2686362411795196, 0.6153789673964377, 1.4648949506974214]",0.49999999999999956,1,4,17,3,0,0,0,0,25,2
27,224.0,1,5,17,3,0,0,0.04807692307692308,0.08653846153846154,0.0,0,0.07813599417881756,0.07139843529147129,0.07108095514509583,"[0, 1.141594768387011, 0.6191166893739425, 1.4737925086934687]",0.47999999999999954,1,5,17,3,0,0,0,0,26,2
28,224.0,1,6,17,3,0,0,0.1111111111111111,0.08333333333333333,0.0,0,0.10496208593097511,0.07032557957620558,0.07615677893726379,"[0, 1.048147073968205, 0.6226921499806852, 1.4823038073675112]",0.4599999999999995,1,6,17,3,0,0,0,0,27,2
29,224.0,1,7,17,3,0,0,0.08928571428571429,0.08035714285714286,0.0,0,0.09229570050971399,0.06937306514646155,0.0809740914866817,"[0, 0.9757348161660676, 0.6261182476342725, 1.490459551094942]",0.4399999999999995,1,7,17,3,0,0,0,0,28,2
30,224.0,1,8,17,3,0,0,0.11206896551724138,0.07758620689655173,0.0,0,0.09949459227023225,0.0685498901499405,0.08561068999362043,"[0, 0.9175096498111714, 0.6294064271888586, 1.4982869840780335]",0.4199999999999995,1,8,17,3,0,0,0,0,29,2
31,224.0,1,9,17,3,0,0,0.11666666666666667,0.075,0.0,0,0.09869493550414155,0.06785612610616601,0.09011560505635914,"[0, 0.8693800321892422, 0.6325668885033755, 1.5058103868376336]",0.39999999999999947,1,9,17,3,0,0,0,0,30,2
32,224.0,1,10,17,3,0,0,0.12096774193548387,0.07258064516129033,0.0,0,0.09773929133007689,0.06728761096532547,0.09452148480137189,"[0, 0.8287324302192048, 0.6356087591005267, 1.5130514872237817]",0.37999999999999945,1,10,17,3,0,0,0,0,31,2
33,224.0,1,11,17,3,0,0,0.125,0.0703125,0.0,0,0.0966232572684826,0.06683823093246799,0.09885101179904947,"[0, 0.7938096752427758, 0.6385402380613905, 1.5200298029533776]",0.35999999999999943,1,11,17,3,0,0,0,0,32,2
34,224.0,1,11,17,4,0,0,0.12878787878787878,0.07575757575757576,0.0,0,0.10096849226972564,0.07175364217491707,0.09482332010081188,"[0, 0.7973259355742545, 0.6413687166994991, 1.3222154819594423]",0.3399999999999994,1,11,17,4,0,0,0,0,33,2
35,224.0,1,12,17,4,0,0,0.04411764705882353,0.08088235294117647,0.0,0,0.0712250103280025,0.07386213500348686,0.09891285466851074,"[0, 0.7666333896346373, 0.6441008803537608, 1.3278479816259392]",0.3199999999999994,1,12,17,4,0,0,0,0,34,2
36,224.0,1,12,17,5,0,0,0.05,0.08571428571428572,0.02142857142857143,0,0.0769585744641319,0.07776990042841989,0.10241438225030544,"[0, 0.7697778967002337, 0.6467427947245847, 1.1925347896794312]",0.2999999999999994,1,12,17,5,0,0,0,0,35,2
37,224.0,1,12,17,6,0,0,0.05555555555555555,0.09027777777777778,0.0,0,0.08192761197054635,0.08104145901811483,0.09386426234467223,"[0, 0.7728215553472558, 0.6492999794761876, 1.0929347248663588]",0.27999999999999936,1,12,17,6,0,0,0,0,36,2
38,224.0,1,12,17,7,0,0,0.060810810810810814,0.0945945945945946,0.006756756756756757,0,0.08629874050719513,0.08381630106552265,0.09404712058944445,"[0, 0.7757703604207696, 0.6517774712858608, 1.0157218281518146]",0.25999999999999934,1,12,17,7,0,0,0,0,37,2
39,224.0,1,12,17,8,0,0,0.06578947368421052,0.09868421052631579,0.013157894736842105,0,0.09017984163811406,0.08618462093993573,0.09426711636931871,"[0, 0.7786297964722373, 0.654179878098514, 0.9536228499420494]",0.23999999999999935,1,12,17,8,0,0,0,0,38,2
40,224.0,1,12,17,9,0,0,0.07051282051282051,0.10256410256410256,0.019230769230769232,0,0.09364646580043177,0.08820949499735314,0.09445173150990746,"[0, 0.7814048935656049, 0.656511426013166, 0.9022886512923858]",0.21999999999999936,1,12,17,9,0,0,0,0,39,2
41,224.0,1,12,17,10,0,0,0.075,0.10625,0.0125,0,0.09675464084522169,0.08993763721145605,0.09205772194332232,"[0, 0.7841002756996854, 0.6587759999658847, 0.8589388166934752]",0.19999999999999937,1,12,17,10,0,0,0,0,40,2
42,224.0,1,13,17,10,0,0,0.06097560975609756,0.10975609756097561,0.012195121951219513,0,0.09257712081864049,0.09111454893396585,0.09523515951568642,"[0, 0.7558563219904763, 0.6609771791650431, 0.8618088032393622]",0.17999999999999938,1,13,17,10,0,0,0,0,41,2
43,224.0,1,13,17,11,0,0,0.06547619047619048,0.1130952380952381,0.0,0,0.09556564047606908,0.09250380358757429,0.09250198450778527,"[0, 0.758304750822859, 0.6631182680676971, 0.8243641757338438]",0.1599999999999994,1,13,17,11,0,0,0,0,42,2
44,224.0,1,14,17,11,0,0,0.0872093023255814,0.11627906976744186,0.0,0,0.09719969122311996,0.09340659093678527,0.09588208993311807,"[0, 0.7330172591705719, 0.6652023235513134, 0.826954996653227]",0.1399999999999994,1,14,17,11,0,0,0,0,43,2
45,224.0,1,15,17,11,0,0,0.07386363636363637,0.11931818181818182,0.0,0,0.09383073977445687,0.09413087796668126,0.09922020044068011,"[0, 0.710322896896734, 0.6672321788260605, 0.8294784378717927]",0.1199999999999994,1,15,17,11,0,0,0,0,44,2
46,224.0,1,15,17,12,0,0,0.07777777777777778,0.12222222222222222,0.005555555555555556,0,0.09608896106092607,0.09517613444179257,0.09929046005283695,"[0, 0.7124289428680186, 0.6692104645441012, 0.7965197726956018]",0.0999999999999994,1,15,17,12,0,0,0,0,45,2
47,224.0,1,15,17,13,0,0,0.08152173913043478,0.125,0.005434782608695652,0,0.09810932792102771,0.09603155929388082,0.09881563452422192,"[0, 0.7144826936545625, 0.6711396274896546, 0.7674775262546876]",0.07999999999999939,1,15,17,13,0,0,0,0,46,2
48,224.0,1,15,17,14,0,0,0.0851063829787234,0.1276595744680851,0.015957446808510637,0,0.09991431163441361,0.09671611633557661,0.09909297628532898,"[0, 0.7164865759812539, 0.6730219471738302, 0.7416340647236882]",0.05999999999999939,1,15,17,14,0,0,0,0,47,2
49,224.0,1,16,17,14,0,0,0.11458333333333333,0.13020833333333334,0.015625,0,0.09934550350276608,0.0971411420207042,0.10193002114319644,"[0, 0.6956293024042952, 0.674859550608856, 0.7436590050849815]",0.03999999999999938,1,16,17,14,0,0,0,0,48,2
50,224.0,1,16,17,15,0,0,0.11734693877551021,0.1326530612244898,0.05102040816326531,0,0.1002510560801433,0.0976340063609284,0.10213534572219365,"[0, 0.6974794170897292, 0.6766544254953385, 0.7203536444562607]",0.02,1,16,17,15,0,0,0,0,49,2
51,224.0,1,16,17,16,0,0,0.12,0.135,0.07,0,0.10138514969756982,0.09872970060486033,0.10038514969756981,"[0, 0.6992874056341343, 0.6784084320220419, 0.6992874056341343]",0.02,1,16,17,16,0,0,0,0,50,2
52,224.0,1,17,17,16,0,0,0.11764705882352941,0.13725490196078433,0.06862745098039216,0,0.09935778765037763,0.09974994451312273,0.10136285607179375,"[0, 0.6801233134490976, 0.6801233134490976, 0.7010550649489244]",0.02,1,17,17,16,0,0,0,0,51,2
53,224.0,1,17,17,17,0,0,0.1201923076923077,0.13942307692307693,0.038461538461538464,0,0.10040384615384615,0.10078846153846154,0.09876923076923076,"[0, 0.681800705621555, 0.681800705621555, 0.681800705621555]",0.02,1,17,17,17,0,0,0,0,52,2
54,224.0,1,17,18,17,0,0,0.1179245283018868,0.18867924528301888,0.03773584905660377,0,0.10128758927051855,0.09991538749669872,0.0996838156856129,"[0, 0.6834421455399496, 0.6641863789255511, 0.6834421455399496]",0.02,1,17,18,17,0,0,0,0,53,2
55,224.0,1,18,18,17,0,0,0.12037037037037036,0.18981481481481483,0.037037037037037035,0,0.09946941598233631,0.1008583048712252,0.10061672359088293,"[0, 0.6657480376375531, 0.6657480376375531, 0.6850490790974524]",0.02,1,18,18,17,0,0,0,0,54,2
56,224.0,1,18,19,17,0,0,0.12272727272727273,0.11363636363636363,0.03636363636363636,0,0.10037881612328393,0.09758521337918448,0.10149051595207707,"[0, 0.667277485611202, 0.6494802120264669, 0.6866228680786317]",0.02,1,18,19,17,0,0,0,0,55,2
57,224.0,1,18,19,18,0,0,0.125,0.11607142857142858,0.03571428571428571,0,0.1013790836100235,0.09856326135138159,0.0995933693243092,"[0, 0.6687759706886696, 0.650938730299327, 0.6687759706886696]",0.02,1,18,19,18,0,0,0,0,56,2
58,224.0,1,19,19,18,0,0,0.09649122807017543,0.11842105263157894,0.03508771929824561,0,0.09904278398369337,0.09948138047492144,0.10047583554138519,"[0, 0.6523682579514305, 0.6523682579514305, 0.6702446707347126]",0.02,1,19,19,18,0,0,0,0,57,2
59,224.0,1,19,19,19,0,0,0.09913793103448276,0.1206896551724138,0.034482758620689655,0,0.09998275862068964,0.10041379310344827,0.09868965517241378,"[0, 0.6537698782765449, 0.6537698782765449, 0.6537698782765449]",0.02,1,19,19,19,0,0,0,0,58,2
60,222.42608669500004,1,19,20,19,0,0,0.2641242937853107,0.2019774011299435,0.2005649717514124,0,0.26249156287911574,0.2009406030553278,0.19956783406555642,"[0, 0.6551446159280785, 0.6385559837559835, 0.6551446159280785]",0.99,1,19,20,19,0,6,3,6,0,18
61,221.794379527,1,20,20,19,0,0,0.3,0.21458333333333335,0.15833333333333333,0,0.2979914148916276,0.2134289148916276,0.15776717021674477,"[0, 0.6398706558533608, 0.6398706558533608, 0.6564934410400778]",0.99,1,20,20,19,0,6,3,4,0,16
62,219.75,1,21,20,19,0,0,0.27322404371584696,0.23406193078324225,0.14389799635701275,0,0.2714670926822934,0.23272068572554003,0.14348435273970753,"[0, 0.6257090350857453, 0.6411609676339719, 0.6578172729944253]",0.99,1,21,20,19,0,3,2,2,0,9
63,219.75,1,22,20,19,0,0,0.29166666666666663,0.23207885304659498,0.14336917562724014,0,0.2857967919895662,0.2281371883776931,0.14216727411302743,"[0, 0.6125308441246851, 0.6424277690951016, 0.6591169838699342]",0.97,1,22,20,19,0,3,2,2,1,9
64,219.75,1,23,20,19,0,0,0.30952380952380953,0.23015873015873015,0.14285714285714285,0,0.2987755729907694,0.22372095940368905,0.14091616601823995,"[0, 0.6002271111034652, 0.6436718672112004, 0.6603934016049215]",0.95,1,23,20,19,0,3,2,2,2,9
65,219.75,1,24,20,19,0,0,0.31901041666666663,0.2282986111111111,0.1423611111111111,0,0.30320274726863805,0.21946336229180832,0.13972711960622028,"[0, 0.5887050112577373, 0.644894028764391, 0.6616473129012458]",0.9299999999999999,1,24,20,19,0,3,2,2,3,9
66,219.7467362662,1,25,20,19,0,0,0.34514170040485825,0.19433198380566802,0.16234817813765182,0,0.342609087838554,0.19341591855802376,0.16177863732811854,"[0, 0.5778849207166172, 0.6460949829472162, 0.6628794658946706]",0.99,1,25,20,19,0,8,3,5,0,19
67,219.5992379909,1,26,20,19,0,0,0.34310207336523124,0.19258373205741625,0.16188197767145135,0,0.34057740505755946,0.1916912954994241,0.16132340470617426,"[0, 0.5676981011083556, 0.6472754237591928, 0.6640905726136763]",0.99,1,26,20,19,0,8,3,5,0,19
68,219.59097978629998,1,27,20,19,0,0,0.348586017282011,0.19088766692851533,0.16142969363707776,0,0.3459946183924313,0.19001806035537536,0.16088166532132142,"[0, 0.5580848614211632, 0.6484360122163918, 0.6652813112464425]",0.99,1,27,20,19,0,8,3,5,0,19
69,219.55047468380002,1,28,20,19,0,0,0.3397058823529412,0.18529411764705883,0.17941176470588235,0,0.337191911533835,0.18448606028852146,0.1786896752364671,"[0, 0.5489930851227355, 0.6495773783912204, 0.6664523282336189]",0.99,1,28,20,19,0,8,3,6,0,20
70,219.5,1,29,20,19,0,0,0.3448616600790514,0.19960474308300397,0.16534914361001316,0,0.34228523766739116,0.1986589565341225,0.1647731971028341,"[0, 0.5403770398015062, 0.6507001232977645, 0.6676042402026471]",0.99,1,29,20,19,0,4,2,3,0,11
71,219.5,1,30,20,19,0,0,0.3103896103896104,0.19805194805194803,0.16493506493506493,0,0.30366315832504015,0.19527664444538315,0.16323552190490132,"[0, 0.5321964074818843, 0.6518048206364663, 0.6687376357577611]",0.97,1,30,20,19,0,4,2,3,1,11
72,219.04000000000002,1,31,20,19,0,0,0.323943661971831,0.1805835010060362,0.09959758551307847,0,0.3215559360695717,0.17983803728786546,0.09968952764859901,"[0, 0.5244154888734766, 0.652892018410496, 0.6698530771383508]",0.99,1,31,20,19,0,7,2,2,0,14
73,218.75401167899997,1,32,20,19,0,0,0.33055555555555555,0.17777777777777776,0.12777777777777777,0,0.32809206214174924,0.1770651337197309,0.12759280413851984,"[0, 0.5170025458723617, 0.6539622404249389, 0.6709511017570942]",0.99,1,32,20,19,0,7,2,3,0,15
74,218.75401167899997,1,33,20,19,0,0,0.39771689497716894,0.17625570776255706,0.1273972602739726,0,0.3882837112580966,0.174177190696143,0.12686786516904802,"[0, 0.509929254816866, 0.655015987678804, 0.672032223628129]",0.97,1,33,20,19,0,7,2,3,1,15
75,218.75401167899997,1,34,20,19,0,0,0.3921171171171171,0.17477477477477477,0.12702702702702703,0,0.3766303834303738,0.17140671426647652,0.12618587527612263,"[0, 0.5031702491207576, 0.6560537396588918, 0.6730969346945326]",0.95,1,34,20,19,0,7,2,3,2,15
76,218.69642845199996,1,35,20,19,0,0,0.3933333333333333,0.14238095238095239,0.1338095238095238,0,0.39021519137593164,0.1420355396829627,0.13357784036967704,"[0, 0.49670273452819763, 0.657075955543673, 0.6741457060634757]",0.99,1,35,20,19,0,7,1,3,0,14
77,218.69642845199996,1,36,20,19,0,0,0.39144736842105265,0.14097744360902253,0.13345864661654133,0,0.38212451562125804,0.13999565339526468,0.13278678587069534,"[0, 0.490506163755945, 0.658083075324562, 0.6751789891566244]",0.97,1,36,20,19,0,7,1,3,1,14
78,218.69642845199996,1,37,20,19,0,0,0.42207792207792205,0.13961038961038963,0.1331168831168831,0,0.40496803125889247,0.13806230463925473,0.13203459916678784,"[0, 0.4845619599939435, 0.6590755208512666, 0.6761972167826472]",0.95,1,37,20,19,0,7,1,3,2,14
79,218.69642845199996,1,38,20,19,0,0,0.3717948717948718,0.1382783882783883,0.13278388278388278,0,0.3513063024113198,0.13623122764473827,0.13131961280108478,"[0, 0.47885328083099743, 0.6600536968072819, 0.677200804138049]",0.9299999999999999,1,38,20,19,0,7,1,3,3,14
80,218.58064538800002,1,39,20,19,0,0,0.36075949367088606,0.13698010849909584,0.13245931283905968,0,0.35793536758259215,0.13670436212071305,0.13225719615564596,"[0, 0.4733648158074939, 0.6610179916210316, 0.6781901497419841]",0.99,1,39,20,19,0,7,1,3,0,14
81,218.58064538800002,1,40,20,19,0,0,0.31875,0.13883928571428572,0.13214285714285715,0,0.31151598986414875,0.13796708908858468,0.1315570996186951,"[0, 0.46808261208219865, 0.6619687783176696, 0.6791656363101854]",0.97,1,40,20,19,0,7,1,3,1,14
82,218.58064538800002,1,41,20,19,0,0,0.30864197530864196,0.140652557319224,0.1318342151675485,0,0.297055281469814,0.13912571141875882,0.13089131751707084,"[0, 0.4629939237167758, 0.6629064153161017, 0.6801276315726907]",0.95,1,41,20,19,0,7,1,3,2,14
83,218.58064538800002,1,42,20,19,0,0,0.3201219512195122,0.14242160278745644,0.13153310104529617,0,0.30304888682044573,0.14018392434938254,0.13025847802877794,"[0, 0.45808708089101374, 0.6638312471753837, 0.6810764890396328]",0.9299999999999999,1,42,20,19,0,7,1,3,3,14
84,218.369047136,1,43,20,19,0,0,0.3757530120481928,0.13968373493975905,0.11784638554216867,0,0.37275102241923486,0.13939473741805067,0.11780454136753384,"[0, 0.45335137600990505, 0.6647436052942968, 0.6820125487189868]",0.99,1,43,20,19,0,10,1,3,0,16
85,218.369047136,1,44,20,19,0,0,0.4732142857142857,0.13839285714285715,0.11755952380952381,0,0.4612650416914459,0.13757418475846522,0.11745244021675556,"[0, 0.4487769641857601, 0.6656438085675637, 0.6829361377898348]",0.97,1,44,20,19,0,10,1,3,1,16
86,218.369047136,1,45,20,19,0,0,0.4183823529411765,0.1400735294117647,0.11727941176470588,0,0.4011770556938952,0.13864058354084283,0.11713089017702663,"[0, 0.4443547760012546, 0.666532164001882, 0.6838475712344025]",0.95,1,45,20,19,0,10,1,3,2,16
87,218.24390156479998,1,46,20,19,0,0,0.3648255813953488,0.14171511627906977,0.11700581395348837,0,0.3619139650954212,0.14141513425268404,0.11698194716352266,"[0, 0.44007644080335917, 0.6674089672946796, 0.6847471524318499]",0.99,1,46,20,19,0,10,1,3,0,16
88,218.161290207,1,47,20,19,0,0,0.4558189655172414,0.14044540229885058,0.08548850574712644,0,0.4519914555934067,0.1401610590935945,0.08578283014058505,"[0, 0.4359342190594856, 0.6682745033782588, 0.6856351737165507]",0.99,1,47,20,19,0,11,1,2,0,16
89,218.161290207,1,48,20,19,0,0,0.4744318181818182,0.13920454545454547,0.08522727272727273,0,0.4623734951660385,0.13839733377033642,0.08612689833635238,"[0, 0.4319209425383986, 0.6691290469317713, 0.6865119169033685]",0.97,1,48,20,19,0,11,1,2,1,16
90,218.161290207,1,49,20,19,0,0,0.41116573033707865,0.1408005617977528,0.08497191011235955,0,0.39420356772684306,0.13938935796536261,0.08649836644262576,"[0, 0.4280299612692655, 0.669972862863276, 0.6873776537822368]",0.95,1,49,20,19,0,11,1,2,2,16
91,217.984615721,1,50,20,19,0,0,0.4573529411764706,0.14052287581699346,0.08104575163398693,0,0.4534931276887451,0.14024613101997135,0.08139309423246002,"[0, 0.42425509639038, 0.6708062067639405, 0.6882326465841608]",0.99,1,50,20,19,0,13,1,2,0,17
92,217.7336439498,1,51,20,19,0,0,0.46668956043956045,0.14388736263736263,0.05322802197802198,0,0.4627310092288684,0.14357962429875643,0.053856262076770765,"[0, 0.42059059813071775, 0.6716293253362937, 0.6890771484205944]",0.99,1,51,20,19,0,13,1,1,0,16
93,217.63636346200002,1,52,20,19,0,0,0.4945652173913043,0.14266304347826086,0.08423913043478261,0,0.4903226695746763,0.14237013475395505,0.08455991306267294,"[0, 0.4170311082774485, 0.6724424567982781, 0.6899114036979898]",0.99,1,52,20,19,0,12,1,2,0,16
94,217.63636346200002,1,53,20,19,0,0,0.5389784946236559,0.14146505376344087,0.08400537634408603,0,0.5249031107756742,0.14062983995968759,0.08498250625388545,"[0, 0.41357162657473256, 0.6732458312647214, 0.6907356485091786]",0.97,1,53,20,19,0,12,1,2,1,16
95,217.627452607,1,54,20,19,0,0,0.48138297872340424,0.14295212765957446,0.08377659574468085,0,0.47726214608600687,0.1426613168967357,0.08410712212364045,"[0, 0.41020748057673356, 0.6740396711077178, 0.6915501110031156]",0.99,1,54,20,19,0,12,1,2,0,16
96,217.25471572800004,1,55,20,19,0,0,0.46439628482972134,0.14256965944272446,0.050464396284829724,0,0.4604404419323439,0.14228508069227655,0.05113051452708231,"[0, 0.4069342985433014, 0.6748241912972993, 0.6923550117344]",0.99,1,55,20,19,0,14,1,1,0,17
97,217.23762250000004,1,56,20,19,0,0,0.4921875,0.1423611111111111,0.048611111111111105,0,0.4879489791439397,0.14208097019240157,0.04929817566365867,"[0, 0.40374798502229775, 0.6755995997236703, 0.6931505639938811]",0.99,1,56,20,19,0,15,1,1,0,18
98,217.0,1,57,20,19,0,0,0.4229147141518276,0.16143392689784442,0.06607310215557638,0,0.41936426240522484,0.16096535732709366,0.06658790604087737,"[0, 0.4006446988097175, 0.6763660975021872, 0.6939369741215607]",0.99,1,57,20,19,0,8,1,1,0,11
99,216.29629646299998,1,58,20,19,0,0,0.4125850340136054,0.15068027210884355,0.05374149659863946,0,0.4091333232806503,0.1503214877712809,0.05438192364194633,"[0, 0.39762083301898227, 0.6771238792621755, 0.6947144418029136]",0.99,1,58,20,19,0,11,1,1,0,15
100,216.263738635,1,59,20,19,0,0,0.61883541295306,0.14557338086749852,0.04961378490790255,0,0.6133167417282412,0.14526786522028107,0.050297745992654144,"[0, 0.39467299702517467, 0.6778731334205973, 0.6954831603496643]",0.99,1,59,20,19,0,14,1,1,0,17
101,215.727272011,1,60,20,19,0,0,0.465,0.15083333333333332,0.05333333333333333,0,0.4610153216168771,0.15047737084380494,0.05398230753931798,"[0, 0.39179800007946664, 0.6786140424415112, 0.6962433169659865]",0.99,1,60,20,19,0,12,1,1,0,15
102,215.70588231600001,1,61,20,19,0,0,0.48610053313023616,0.15727341964965727,0.05826351865955827,0,0.48190058006340325,0.15685516360102605,0.05886535306062789,"[0, 0.38899283641434923, 0.6793467830821943, 0.6969950930010204]",0.99,1,61,20,19,0,10,1,1,0,13
103,215.70588231600001,1,62,20,19,0,0,0.44834087481146306,0.15855957767722473,0.058069381598793365,0,0.436861263207795,0.15727241545523626,0.05988706040182549,"[0, 0.3862546716821258, 0.6800715266267418, 0.6977386641885395]",0.97,1,62,20,19,0,10,1,1,1,13
104,215.705882414,1,63,20,19,0,0,0.5117891816920943,0.15707350901525657,0.05513176144244105,0,0.48946360425942,0.15501264884111832,0.058318476441764,"[0, 0.3835808305880152, 0.6807884391078947, 0.698474200874542]",0.95,1,63,20,19,0,11,1,1,0,14
105,215.6824321598,1,64,20,19,0,0,0.4831730769230769,0.15384615384615385,0.05048076923076923,0,0.47899010979105017,0.1534682359829868,0.051166654225963046,"[0, 0.3809687855955759, 0.6814976815178003, 0.699201868233486]",0.99,1,64,20,19,0,13,1,1,0,16
106,215.6824321598,1,65,20,19,0,0,0.4967261904761905,0.1550595238095238,0.05029761904761905,0,0.48375889666880867,0.15389519297639426,0.05236674368813039,"[0, 0.37841614659637196, 0.6821994100083584, 0.6999218264738399]",0.97,1,64,20,19,0,13,1,1,1,16
107,215.6824321598,1,66,20,19,0,0,0.5053066037735849,0.15625,0.05011792452830188,0,0.4832461467389347,0.15425944120378007,0.053585213944077725,"[0, 0.37592065144816683, 0.6828937760817613, 0.7006342310335737]",0.95,1,64,20,19,0,13,1,1,2,16
108,215.6824321598,1,67,20,19,0,0,0.4880257009345794,0.1574182242990654,0.04994158878504673,0,0.45832425326249204,0.15456273208063648,0.054821542694254606,"[0, 0.3734801572967234, 0.6835809267717983, 0.7013392327661719]",0.9299999999999999,1,64,20,19,0,13,1,1,3,16
109,215.6824321598,1,68,20,19,0,0,0.5034722222222222,0.15856481481481483,0.04976851851851852,0,0.4638610734140153,0.15480675363735677,0.056075228504183464,"[0, 0.3710926326057172, 0.684261004816453, 0.7020369781177161]",0.9099999999999999,1,64,20,19,0,13,1,1,4,16
110,215.6824321598,1,69,20,19,0,0,0.4819380733944954,0.15969036697247707,0.04959862385321101,0,0.435853164114696,0.1549931333118579,0.05734578972940933,"[0, 0.3687561498275349, 0.6849341488222895, 0.7027276092955403]",0.8899999999999999,1,64,20,19,0,13,1,1,5,16
111,215.6824321598,1,70,20,19,0,0,0.4948863636363636,0.16079545454545455,0.04943181818181818,0,0.4386926595284824,0.15512344059921426,0.058632763508666925,"[0, 0.36646887865498273, 0.6856004934210898, 0.7034112644289381]",0.8699999999999999,1,64,20,19,0,13,1,1,6,16
112,215.6824321598,1,71,20,19,0,0,0.4895833333333333,0.16188063063063063,0.049268018018018014,0,0.42548729029811777,0.15519918956647252,0.05993570482009433,"[0, 0.36422907980030705, 0.686260169419174, 0.7040880777223628]",0.8499999999999999,1,64,20,19,0,13,1,1,7,16
113,215.6824321598,1,72,20,19,0,0,0.5066964285714286,0.16294642857142858,0.049107142857142856,0,0.431086473163899,0.15522184124032107,0.061254185595779914,"[0, 0.3620350992535536, 0.6869133039398126, 0.7047581796015375]",0.8299999999999998,1,64,20,19,0,13,1,1,8,16
114,215.6824321598,1,73,20,19,0,0,0.5058075221238938,0.16399336283185842,0.04894911504424779,0,0.42140690023484145,0.15519280587481815,0.06258779389034028,"[0, 0.35988536297725365, 0.6875600205591029, 0.7054216968528632]",0.8099999999999998,1,64,20,19,0,13,1,1,9,16
115,215.6824321598,1,74,20,19,0,0,0.49396929824561403,0.1650219298245614,0.048793859649122806,0,0.4031006410927023,0.15511344510594596,0.06393613309959728,"[0, 0.3577783719988137, 0.6882004394356702, 0.7060787527564878]",0.7899999999999998,1,64,20,19,0,13,1,1,10,16
116,215.6824321598,1,75,20,19,0,0,0.4888586956521739,0.16603260869565217,0.048641304347826084,0,0.39043621347055296,0.1549850739993435,0.06529882122575559,"[0, 0.35571269786587606, 0.6888346774345242, 0.7067294672133818]",0.7699999999999998,1,64,20,19,0,13,1,1,11,16
117,215.6824321598,1,76,20,19,0,0,0.5140086206896551,0.16702586206896552,0.04849137931034483,0,0.4006599433687538,0.15480896299718633,0.06667549018578384,"[0, 0.3536869784333675, 0.6894628482453833, 0.707373956866735]",0.7499999999999998,1,64,20,19,0,13,1,1,12,16
118,215.6824321598,1,77,20,19,0,0,0.49599358974358976,0.16800213675213677,0.048344017094017096,0,0.3783558878907207,0.1545863397698178,0.06806578515997425,"[0, 0.3516999139540219, 0.6900850624957591, 0.7080123352179793]",0.7299999999999998,1,64,20,19,0,13,1,1,13,16
119,215.6824321598,1,78,20,19,0,0,0.5058262711864406,0.16896186440677965,0.04819915254237288,0,0.3765332196209702,0.15431839097739794,0.06946936397790286,"[0, 0.3497502634468928, 0.6907014278590761, 0.7086447127377179]",0.7099999999999997,1,64,20,19,0,13,1,1,14,16
120,215.6824321598,1,79,20,19,0,0,0.4965861344537815,0.16990546218487396,0.048056722689075626,0,0.36114617985038133,0.1540062639465172,0.07088589653923584,"[0, 0.34783684132081055, 0.6913120491580867, 0.709271196971825]",0.6899999999999997,1,64,20,19,0,13,1,1,15,16
121,215.6824321598,1,80,20,19,0,0,0.5,0.17083333333333334,0.04791666666666666,0,0.3545963674665455,0.15365106826642452,0.07231506426702985,"[0, 0.34595851423191065, 0.6919170284638213, 0.7098918926429681]",0.6699999999999997,1,64,20,19,0,13,1,1,16,16
122,215.6824321598,1,81,20,19,0,0,0.5240185950413223,0.17174586776859505,0.04777892561983471,0,0.3612927655787373,0.15325387730924098,0.0737565595913604,"[0, 0.34411419815630834, 0.6925164651903044, 0.7105069017477845]",0.6499999999999997,1,64,20,19,0,13,1,1,17,16
123,215.6824321598,1,82,20,19,0,0,0.5210040983606558,0.1726434426229508,0.047643442622950824,0,0.34998750453258526,0.15281572967826737,0.07521008546127836,"[0, 0.34230285566073515, 0.6931104561852502, 0.7111163236499324]",0.6299999999999997,1,64,20,19,0,13,1,1,18,16
124,215.6824321598,1,83,20,19,0,0,0.5160060975609756,0.17352642276422764,0.04751016260162602,0,0.3375830511138649,0.15233763058825117,0.07667535488324966,"[0, 0.340523493355519, 0.6936990958169411, 0.7117202551692267]",0.6099999999999997,1,64,20,19,0,13,1,1,19,16
125,215.6824321598,1,84,20,19,0,0,0.498991935483871,0.1743951612903226,0.047379032258064516,0,0.31827937246341315,0.15182055318124738,0.07815209048437162,"[0, 0.3387751595156909, 0.6942824760574788, 0.7123187906670526]",0.5899999999999996,1,64,20,19,0,13,1,1,20,16
126,215.6824321598,1,85,20,19,0,0,0.50225,0.17525,0.04725,0,0.31120203611971725,0.1512654397814947,0.07964002409878786,"[0, 0.3370569418572651, 0.6948606865625873, 0.7129120221282421]",0.5699999999999996,1,64,20,19,0,13,1,1,21,16
127,215.6824321598,1,86,20,19,0,0,0.5213293650793651,0.17609126984126985,0.04712301587301587,0,0.31268690846814196,0.15067320309252596,0.0811388963758398,"[0, 0.33536796545687775, 0.6954338147481381, 0.7135000392395872]",0.5499999999999996,1,64,20,19,0,13,1,1,22,16
128,215.6824321598,1,87,20,19,0,0,0.516486220472441,0.17691929133858267,0.04699803149606299,0,0.3007206942046106,0.15004472733954458,0.08264845640860052,"[0, 0.33370739080399314, 0.696001945863558, 0.7140829294651538]",0.5299999999999996,1,64,20,19,0,13,1,1,23,16
129,215.6824321598,1,88,20,19,0,0,0.5234375,0.177734375,0.046875,0,0.2949545755085449,0.14938086935992134,0.08416846138153358,"[0, 0.33207441197581333, 0.6965651630622663, 0.7146607781185507]",0.5099999999999996,1,64,20,19,0,13,1,1,24,16
130,215.6824321598,1,89,20,19,0,0,0.48183139534883723,0.17853682170542637,0.04675387596899225,0,0.2651086897007834,0.1486824596445013,0.08569867623611052,"[0, 0.3304682549258634, 0.6971235474692898, 0.7152336684322987]",0.48999999999999955,1,64,20,19,0,13,1,1,25,16
131,215.6824321598,1,90,20,19,0,0,0.5024038461538461,0.17932692307692308,0.046634615384615385,0,0.2661425540836735,0.14795030333225478,0.08723887335330228,"[0, 0.3288881758779818, 0.6976771782461845, 0.7158016816244407]",0.46999999999999953,1,64,20,19,0,13,1,1,26,16
132,215.6824321598,1,91,20,19,0,0,0.5169370229007634,0.18010496183206107,0.04651717557251908,0,0.2636276087248065,0.14718518116066165,0.08878883225193623,"[0, 0.3273334598181323, 0.6982261326533942, 0.7163648969625195]",0.4499999999999995,1,64,20,19,0,13,1,1,27,16
133,215.6824321598,1,92,20,19,0,0,0.5255681818181819,0.18087121212121213,0.04640151515151515,0,0.2579854012330291,0.14638785037408125,0.09034833930198037,"[0, 0.3258034190770754, 0.6987704861101656, 0.7169233918250497]",0.4299999999999995,1,64,20,19,0,13,1,1,28,16
134,215.6824321598,1,93,20,19,0,0,0.537828947368421,0.18162593984962405,0.046287593984962405,0,0.2534781842491191,0.1455590455922336,0.09191718745188009,"[0, 0.3242973919975025, 0.6993103122521327, 0.7174772417605977]",0.4099999999999995,1,64,20,19,0,13,1,1,29,16
135,215.6824321598,1,94,20,19,0,0,0.5013992537313433,0.18236940298507462,0.04617537313432836,0,0.22948351603186204,0.14469947964079588,0.0934951759691329,"[0, 0.32281474167975055, 0.6998456829866789, 0.718026520544582]",0.38999999999999946,1,64,20,19,0,13,1,1,30,16
136,215.6824321598,1,95,20,19,0,0,0.47476851851851853,0.18310185185185185,0.046064814814814815,0,0.21056406397917057,0.14380984434600724,0.09508211019334048,"[0, 0.32135485480068127, 0.7003766685461781, 0.7185713002338979]",0.36999999999999944,1,64,20,19,0,13,1,1,31,16
137,215.6824321598,1,96,20,19,0,0,0.5330882352941176,0.18382352941176472,0.04595588235294118,0,0.2224350638744907,0.14289081129506848,0.09667780130102882,"[0, 0.31991714050073616, 0.7009033375392111, 0.7191116512194643]",0.3499999999999994,1,64,20,19,0,13,1,1,32,16
138,215.6824321598,1,97,20,19,0,0,0.4810675182481752,0.18453467153284672,0.0458485401459854,0,0.19555364223031524,0.14194303256402396,0.09828206608157299,"[0, 0.31850102933456564, 0.7014257569998499, 0.7196476422767878]",0.3299999999999994,1,64,20,19,0,13,1,1,33,16
139,215.6824321598,1,98,20,19,0,0,0.49864130434782605,0.1852355072463768,0.04574275362318841,0,0.19232019707906348,0.14096714141472064,0.09989472672360691,"[0, 0.3171059722809861, 0.7019439924350949, 0.7201793406146325]",0.3099999999999994,1,64,20,19,0,13,1,1,34,16
140,215.6824321598,1,99,20,19,0,0,0.5249550359712231,0.18592625899280577,0.045638489208633094,0,0.19091137383638243,0.13996375296235053,0.10151561061133872,"[0, 0.3157314398083414, 0.7024581078705471, 0.7207068119218794]",0.28999999999999937,1,64,20,19,0,13,1,1,35,16
141,215.6824321598,1,100,20,19,0,0,0.46517857142857144,0.18660714285714286,0.045535714285714284,0,0.165198770769056,0.1389334648150012,0.10314455013022823,"[0, 0.31437692099164355, 0.7029681658943955, 0.7212301204126551]",0.26999999999999935,1,64,20,19,0,13,1,1,36,16
142,215.6824321598,1,101,20,19,0,0,0.480718085106383,0.18727836879432624,0.04543439716312057,0,0.16069947259787587,0.13787685768656227,0.10478138248151905,"[0, 0.3130419226781345, 0.7034742276997906, 0.7217493288698077]",0.24999999999999936,1,64,20,19,0,13,1,1,37,16
143,215.6824321598,1,102,20,19,0,0,0.5101232394366197,0.18794014084507044,0.04533450704225352,0,0.15876106859509742,0.1367944959842612,0.10642594950514819,"[0, 0.3117259686981645, 0.7039763531256757, 0.7222644986867973]",0.22999999999999937,1,64,20,19,0,13,1,1,38,16
144,215.6824321598,1,103,20,19,0,0,0.5461101398601399,0.18859265734265734,0.045236013986013984,0,0.15702212446702765,0.13568692837203564,0.10807809751058675,"[0, 0.3104285991185055, 0.7044746006961434, 0.7227756899080762]",0.20999999999999938,1,64,20,19,0,13,1,1,39,16
145,215.6824321598,1,104,20,19,0,0,0.5486111111111112,0.1892361111111111,0.04513888888888889,0,0.14747499568503475,0.13455468831088357,0.1097376771151925,"[0, 0.30914936953543, 0.7049690276583788, 0.7232829612680169]",0.1899999999999994,1,64,20,19,0,13,1,1,40,16
146,215.6824321598,1,105,20,19,0,0,0.49418103448275863,0.18987068965517243,0.04504310344827586,0,0.12814328302270267,0.13339829457727215,0.11140454308968008,"[0, 0.30788785040507616, 0.7054596900192508, 0.7237863702284546]",0.1699999999999994,1,64,20,19,0,13,1,1,41,16
147,215.315790186,1,105,21,19,0,0,0.45096513075965133,0.2450186799501868,0.0136986301369863,0,0.44699245181536207,0.2437691998570786,0.014823964765915552,"[0, 0.30810037392624523, 0.6889333799921881, 0.7242859730149002]",0.99,1,64,21,19,0,8,2,0,0,11
148,215.315790186,1,106,21,19,0,0,0.3942486085343228,0.24567099567099568,0.013605442176870748,0,0.38402580871370895,0.24190603696516141,0.016987449311853142,"[0, 0.3068535569468269, 0.6894050289771081, 0.724781824651481]",0.97,1,65,21,19,0,8,2,0,1,11
149,215.16129169500002,1,107,21,19,0,0,0.5405405405405406,0.23704954954954954,0.013513513513513514,0,0.5356679609140547,0.23588178218790096,0.014642824465611949,"[0, 0.30562368509784577, 0.6898731611345126, 0.7252739789946616]",0.99,1,66,21,19,0,9,2,0,0,12
150,215.16129169500002,1,108,21,19,0,0,0.5310402684563759,0.2360178970917226,0.013422818791946308,0,0.5167014325633089,0.2325485208061207,0.01681660144041376,"[0, 0.3044103683062115, 0.6903378266124119, 0.725762488765796]",0.97,1,67,21,19,0,9,2,0,1,12
151,215.16129169500002,1,109,21,19,0,0,0.5316666666666667,0.235,0.013333333333333334,0,0.5077272355369973,0.2292735010228459,0.018999263440156837,"[0, 0.30321322906000575, 0.6907990745090069, 0.7262474055825572]",0.95,1,68,21,19,0,9,2,0,2,12
152,215.16129169500002,1,110,21,19,0,0,0.5306291390728477,0.23399558498896245,0.013245033112582781,0,0.49717266033216,0.22605557263219822,0.02119064120782716,"[0, 0.3020319018916236, 0.6912569529015637, 0.7267287799892949]",0.9299999999999999,1,69,21,19,0,9,2,0,3,12
153,215.16129169500002,1,111,21,19,0,0,0.4095394736842105,0.23464912280701755,0.013157894736842105,0,0.37740441070476455,0.22439032629584946,0.023390570016929787,"[0, 0.3008660328866952, 0.6917115088743061, 0.7272066614863579]",0.9099999999999999,1,70,21,19,0,9,2,0,4,12
154,215.02809075799993,1,112,21,19,0,0,0.4418767507002801,0.2233893557422969,0.013071895424836602,0,0.4379808764180423,0.22236303236117594,0.014210713069521215,"[0, 0.2997152792172823, 0.6921627885453672, 0.7276810985584301]",0.99,1,71,21,19,0,11,2,0,0,14
155,215.02809075799993,1,113,21,19,0,0,0.43506493506493504,0.22402597402597402,0.012987012987012988,0,0.42357591825856755,0.2209307076481333,0.016408958508883513,"[0, 0.29857930869794397, 0.6926108370928373, 0.7281521387019141]",0.97,1,72,21,19,0,11,2,0,1,14
156,215.02809075799993,1,114,21,19,0,0,0.5460829493087558,0.22304147465437787,0.012903225806451613,0,0.521374218336865,0.21793653834891802,0.018615510595322918,"[0, 0.29745779936335853, 0.6930556987799443, 0.7286198284514033]",0.95,1,73,21,19,0,11,2,0,2,14
157,215.02809075799993,1,115,21,19,0,0,0.4297161172161172,0.22367216117216115,0.01282051282051282,0,0.4032564690351819,0.21648748993082845,0.02083021685816539,"[0, 0.296350439066276, 0.6934974169793993, 0.7290842134052783]",0.9299999999999999,1,74,21,19,0,11,2,0,3,14
158,214.882351941,1,116,21,19,0,0,0.4294813466787989,0.22429481346678798,0.012738853503184714,0,0.42570189426293453,0.223263107384251,0.01388486186509833,"[0, 0.295256925094654, 0.6939360341969436, 0.7295453382504611]",0.99,1,75,21,19,0,11,2,0,0,14
159,214.88125,1,117,21,19,0,0,0.44580696202531644,0.21598101265822786,0.012658227848101266,0,0.44186242414151755,0.2150333363602709,0.01380598000454066,"[0, 0.29417696380690483, 0.6943715920941252, 0.7300032467863606]",0.99,1,76,21,19,0,13,2,0,0,16
160,214.86363617,1,118,21,19,0,0,0.43373764600179693,0.22551662174303683,0.012578616352201259,0,0.429911992622976,0.22447447105952184,0.013728091573566786,"[0, 0.2931102702842492, 0.6948041315103355, 0.7304579819480401]",0.99,1,77,21,19,0,11,2,0,0,14
161,214.86206822799997,1,119,21,19,0,0,0.42879464285714286,0.22611607142857143,0.0125,0,0.42501663111741356,0.22506879807548483,0.01365117794995876,"[0, 0.2920565679992369, 0.6952336924841361, 0.7309095858286389]",0.99,1,78,21,19,0,11,2,0,0,14
162,214.86206822799997,1,120,21,19,0,0,0.42857142857142855,0.22670807453416147,0.012422360248447204,0,0.4172387842356907,0.22355108079347916,0.015880942424246227,"[0, 0.2910155884995528, 0.6956603142739013, 0.731358099701073]",0.97,1,79,21,19,0,11,2,0,1,14
163,214.86206822799997,1,121,21,19,0,0,0.42217813051146386,0.22729276895943562,0.012345679012345678,0,0.4036013097900719,0.22200614115439826,0.0181182986146127,"[0, 0.2899870711062818, 0.6960840353778027, 0.7318035640390466]",0.95,1,80,21,19,0,11,2,0,2,14
164,214.86206822799997,1,122,21,19,0,0,0.4219982471516214,0.22787028921998248,0.012269938650306749,0,0.3959911808438859,0.22043448698229653,0.020363113944194426,"[0, 0.2889707626258578, 0.6965048935531618, 0.7322460185373969]",0.9299999999999999,1,81,21,19,0,11,2,0,3,14
165,214.86206822799997,1,123,21,19,0,0,0.4248693379790941,0.22844076655052264,0.012195121951219513,0,0.3911578832690151,0.21883661373651117,0.022615259092034656,"[0, 0.28796641707496917, 0.6969229258351928, 0.7326855021317988]",0.9099999999999999,1,81,21,19,0,11,2,0,4,14
166,214.86206822799997,1,124,21,19,0,0,0.43073593073593075,0.229004329004329,0.012121212121212121,0,0.38886909718289037,0.21721300488296208,0.024874607890857478,"[0, 0.28697379541773665, 0.6973381685551601, 0.7331220530178544]",0.8899999999999999,1,81,21,19,0,11,2,0,5,14
167,214.86206822799997,1,125,21,19,0,0,0.42900172117039587,0.22956110154905335,0.012048192771084338,0,0.37972641399578977,0.21556413225222945,0.027141037228744908,"[0, 0.2859926653145229, 0.6977506573579708, 0.733555708669588]",0.8699999999999999,1,81,21,19,0,11,2,0,6,14
168,214.86206822799997,1,126,21,19,0,0,0.43627031650983744,0.23011120615911035,0.011976047904191617,0,0.37829905164767474,0.21389045638495205,0.02941442695454167,"[0, 0.2850228008817684, 0.6981604272192238, 0.73398650585737]",0.8499999999999999,1,81,21,19,0,11,2,0,7,14
169,214.86206822799997,1,127,21,19,0,0,0.42410714285714285,0.2306547619047619,0.011904761904761904,0,0.36044624668144853,0.21219242686506357,0.031694659786821205,"[0, 0.2840639824622875, 0.6985675124617355, 0.7344144806652912]",0.8299999999999998,1,81,21,19,0,11,2,0,8,14
170,214.86206822799997,1,128,21,19,0,0,0.4224429416737109,0.2311918850380389,0.011834319526627219,0,0.35157790458546934,0.2104704826413611,0.033981621226254866,"[0, 0.2831159964054893, 0.698971946771561, 0.7348396685080053]",0.8099999999999998,1,81,21,19,0,11,2,0,9,14
171,214.86206822799997,1,129,21,19,0,0,0.43109243697478994,0.23172268907563026,0.011764705882352941,0,0.35091781541777933,0.2087250523378768,0.03627519947123457,"[0, 0.28217863485702016, 0.6993737632135292, 0.7352621041470616]",0.7899999999999998,1,81,21,19,0,11,2,0,10,14
172,214.86206822799997,1,130,21,19,0,0,0.4352548036758563,0.2322472848788638,0.011695906432748537,0,0.34645061625024137,0.2069565545535027,0.03857528533660667,"[0, 0.28125169555735496, 0.6997729942463083, 0.7356818217067441]",0.7699999999999998,1,81,21,19,0,11,2,0,11,14
173,214.86206822799997,1,131,21,19,0,0,0.4262873754152824,0.23276578073089702,0.011627906976744186,0,0.33196362701551335,0.20516539815129753,0.04088177217538175,"[0, 0.28033498164888954, 0.7001696717370218, 0.7360988546894366]",0.7499999999999998,1,81,21,19,0,11,2,0,12,14
174,214.86206822799997,1,132,21,19,0,0,0.4217588769611891,0.2332782824112304,0.011560693641618497,0,0.3210698943590694,0.20335198253788594,0.04319455580329225,"[0, 0.27942830149111375, 0.7005638269754264, 0.7365132359905285]",0.7299999999999998,1,81,21,19,0,11,2,0,13,14
175,214.86206822799997,1,133,21,19,0,0,0.4259031198686371,0.2337848932676519,0.011494252873563218,0,0.31650917650757765,0.20151669793334143,0.045513534426075905,"[0, 0.27853146848346744, 0.7009554906876707, 0.7369249979128798]",0.7099999999999997,1,81,21,19,0,11,2,0,14,14
176,214.86206822799997,1,134,21,19,0,0,0.44571428571428573,0.2342857142857143,0.011428571428571429,0,0.3225871800844179,0.1996599256319274,0.04783860856936888,"[0, 0.2776443008955054, 0.7013446930496489, 0.7373341721808593]",0.6899999999999997,1,81,21,19,0,11,2,0,15,14
177,214.86206822799997,1,135,21,19,0,0,0.4283685064935065,0.23478084415584416,0.011363636363636364,0,0.3029719820335496,0.197782038254053,0.05016968101109859,"[0, 0.27676662170401634, 0.7017314636999616, 0.737740789953972]",0.6699999999999997,1,81,21,19,0,11,2,0,16,14
178,214.86206822799997,1,136,21,19,0,0,0.43664245359160614,0.23527037933817593,0.011299435028248588,0,0.3006979174666622,0.1958833999897865,0.052506656716271076,"[0, 0.27589825843676263, 0.7021158317525018, 0.738144881840089]",0.6499999999999997,1,81,21,19,0,11,2,0,17,14
179,214.86206822799997,1,137,21,19,0,0,0.4209470304975923,0.23575441412520065,0.011235955056179775,0,0.28298675218944747,0.193964366834252,0.05484944277405325,"[0, 0.2750390430225239, 0.7024978258086731, 0.7385464779082938]",0.6299999999999997,1,81,21,19,0,11,2,0,18,14
180,214.86206822799997,1,138,21,19,0,0,0.44872306464485234,0.23623304070231443,0.0111731843575419,0,0.29241563156759537,0.19202528681522188,0.05719794833705488,"[0, 0.2741888116471471, 0.7028774739692583, 0.73894560770136]",0.6099999999999997,1,81,21,19,0,11,2,0,19,14
181,214.86206822799997,1,139,21,19,0,0,0.43313492063492065,0.2367063492063492,0.011111111111111112,0,0.2751433199859801,0.19006650021320468,0.05955208456271989,"[0, 0.2733474046153193, 0.7032548038459467, 0.7393423002478701]",0.5899999999999996,1,81,21,19,0,11,2,0,20,14
182,214.86206822799997,1,140,21,19,0,0,0.43705603788476716,0.23717442778216258,0.011049723756906077,0,0.26960960364053305,0.1880883397743126,0.06191176455674058,"[0, 0.27251466621779735, 0.7036298425725348, 0.7397365840739901]",0.5699999999999996,1,81,21,19,0,11,2,0,21,14
183,214.86206822799997,1,141,21,19,0,0,0.4409340659340659,0.23763736263736263,0.01098901098901099,0,0.26389020752364467,0.18609113091618412,0.06427690331841279,"[0, 0.27169044460384056, 0.7040026168158072, 0.7401284872149099]",0.5499999999999996,1,81,21,19,0,11,2,0,22,14
184,214.86206822799997,1,142,21,19,0,0,0.4597970335675254,0.23809523809523808,0.01092896174863388,0,0.26595264409296554,0.18407519192722138,0.06664741768785351,"[0, 0.2708745916586072, 0.7043731527861136, 0.7405180372259623]",0.5299999999999996,1,81,21,19,0,11,2,0,23,14
185,214.86206822799997,1,143,21,19,0,0,0.4431288819875776,0.23854813664596272,0.010869565217391304,0,0.24913469730957333,0.1820408341593952,0.06902322629500642,"[0, 0.27006696288528836, 0.704741476247647, 0.7409052611934294]",0.5099999999999996,1,81,21,19,0,11,2,0,24,14
186,214.86206822799997,1,144,21,19,0,0,0.46042471042471045,0.238996138996139,0.010810810810810811,0,0.24962090178829371,0.17998836221485578,0.07140424951036382,"[0, 0.26926741729176357, 0.7051076125284386, 0.7412901857450488]",0.48999999999999955,1,81,21,19,0,11,2,0,25,14
187,214.86206822799997,1,145,21,19,0,0,0.4573732718894009,0.23943932411674346,0.010752688172043012,0,0.23984720003983023,0.17791807412658012,0.07379040939733751,"[0, 0.26847581728157505, 0.7054715865300724, 0.7416728370602287]",0.46999999999999953,1,81,21,19,0,11,2,0,26,14
188,214.86206822799997,1,146,21,19,0,0,0.43964858670741025,0.239877769289534,0.0106951871657754,0,0.2235878032237346,0.1758302615332762,0.07618162966621288,"[0, 0.2676920285490268, 0.705833422737134, 0.7420532408799808]",0.4499999999999995,1,81,21,19,0,11,2,0,27,14
189,214.86206822799997,1,147,21,19,0,0,0.4261018237082067,0.24031155015197567,0.010638297872340425,0,0.20982917336660512,0.17372520984875434,0.07857783562962514,"[0, 0.26691591997822545, 0.7061931452264013, 0.7424314225165815]",0.4299999999999995,1,81,21,19,0,11,2,0,28,14
190,214.86206822799997,1,148,21,19,0,0,0.4603174603174603,0.24074074074074073,0.010582010582010581,0,0.2161903341870193,0.1716031984259691,0.08097895415949813,"[0, 0.266147363545889, 0.7065507776757816, 0.7428074068629692]",0.4099999999999995,1,81,21,19,0,11,2,0,29,14
191,214.86206822799997,1,149,21,19,0,0,0.4415413533834586,0.24116541353383458,0.010526315789473684,0,0.20051148789432566,0.1694645007159242,0.08338491364538902,"[0, 0.265386234227758, 0.7069063433730092, 0.7431812184018877]",0.38999999999999946,1,81,21,19,0,11,2,0,30,14
192,214.86206822799997,1,150,21,19,0,0,0.4556843679880329,0.24158563949139866,0.010471204188481676,0,0.19775921994131487,0.1673093844216275,0.08579564395418529,"[0, 0.26463240990845216, 0.7072598652241069, 0.7435528812147817]",0.36999999999999944,1,81,21,19,0,11,2,0,31,14
193,214.86206822799997,1,151,21,19,0,0,0.46186755952380953,0.24200148809523808,0.010416666666666666,0,0.19165081196162392,0.16513811164727393,0.08821107639110193,"[0, 0.26388577129462415, 0.7076113657616212, 0.743922418990454]",0.3499999999999994,1,81,21,19,0,11,2,0,32,14
194,214.86206822799997,1,152,21,19,0,0,0.45632864544781643,0.24241302738712064,0.010362694300518135,0,0.18142235844994284,0.16295093904282698,0.09063114366193017,"[0, 0.2631462018312675, 0.7079608671526365, 0.7442898550334925]",0.3299999999999994,1,81,21,19,0,11,2,0,33,14
195,214.86206822799997,1,153,21,19,0,0,0.4688880706921944,0.24282032400589101,0.010309278350515464,0,0.1770215808644129,0.1607481179441635,0.09305577983648966,"[0, 0.26241358762104544, 0.7083083912065777, 0.7446552122724723]",0.3099999999999994,1,81,21,19,0,11,2,0,34,14
196,214.86206822799997,1,154,21,19,0,0,0.45567765567765567,0.24322344322344322,0.010256410256410256,0,0.16464086283349907,0.15852989450893865,0.09548492031323964,"[0, 0.2616878173465114, 0.7086539593828064, 0.7450185132679411]",0.28999999999999937,1,81,21,19,0,11,2,0,35,14
197,214.86206822799997,1,155,21,19,0,0,0.43239795918367346,0.24362244897959184,0.01020408163265306,0,0.1500656006115692,0.1562965098483227,0.09791850178500579,"[0, 0.26096878219510045, 0.7089975927980169, 0.7453797802201956]",0.26999999999999935,1,81,21,19,0,11,2,0,36,14
198,214.781608582,1,155,22,19,0,0,0.36076867295141407,0.27973168963016676,0.045866569978245106,0,0.3576217781745478,0.2781574654914767,0.04672401956820313,"[0, 0.2610945627419181, 0.6930304813405322, 0.7457390349768539]",0.99,1,81,22,19,0,9,3,1,0,14
199,214.74712582299998,1,156,22,19,0,0,0.46825396825396826,0.2444083694083694,0.045815295815295816,0,0.46403096784683856,0.24318798186493515,0.04667390743108345,"[0, 0.2603810578081949, 0.6933624941147003, 0.7460962990402311]",0.99,1,82,22,19,0,10,2,1,0,14
200,214.74712582299998,1,157,22,19,0,0,0.5254845656855707,0.2447954055994257,0.04576453697056712,0,0.511094920815038,0.2411244265014932,0.0483438256913653,"[0, 0.25967409325896595, 0.6936926765653566, 0.7464515935745242]",0.97,1,83,22,19,0,10,2,1,1,14
201,214.74712582299998,1,158,22,19,0,0,0.47089285714285717,0.2451785714285714,0.045714285714285714,0,0.44963354463280997,0.23904408011391215,0.050018803824706484,"[0, 0.2589735670629667, 0.6940210480531052, 0.746804939412811]",0.95,1,84,22,19,0,10,2,1,2,14
202,214.74712582299998,1,159,22,19,0,0,0.45167022032693677,0.24555792466240228,0.045664534470504614,0,0.4232442215128569,0.2369471984972506,0.05169877188754709,"[0, 0.2582793794270481, 0.6943476276371732, 0.7471563570638714]",0.9299999999999999,1,85,22,19,0,10,2,1,3,14
203,214.74712582299998,1,160,22,19,0,0,0.4648161244695898,0.24593352192362092,0.045615275813295615,0,0.4270743855425751,0.2348340323633415,0.05338366130200419,"[0, 0.2575914327331464, 0.694672434081587, 0.7475058667188333]",0.9099999999999999,1,85,22,19,0,10,2,1,4,14
204,214.74712582299998,1,161,22,19,0,0,0.4642857142857143,0.24630541871921183,0.04556650246305419,0,0.41820206327919507,0.2327048274655509,0.05507340482175646,"[0, 0.2569096314774141, 0.6949954858611926, 0.7478534882576503]",0.8899999999999999,1,85,22,19,0,10,2,1,5,14
205,214.74712582299998,1,162,22,19,0,0,0.4943977591036415,0.2466736694677871,0.04551820728291316,0,0.43600522197441605,0.23055982471989672,0.056767936498964486,"[0, 0.25623388221142507, 0.6953168011675238, 0.7481992412554163]",0.8699999999999999,1,85,22,19,0,10,2,1,6,14
206,214.74712582299998,1,163,22,19,0,0,0.4803135888501742,0.2470383275261324,0.045470383275261324,0,0.4150325027289922,0.22839926032265095,0.058467191652189526,"[0, 0.2555640934853699, 0.6956363979145224, 0.7485431449885211]",0.8499999999999999,1,85,22,19,0,10,2,1,7,14
207,214.74712582299998,1,164,22,19,0,0,0.49427877947295423,0.2473994452149792,0.04542302357836338,0,0.41789956336120765,0.22622336586454328,0.0601711068352753,"[0, 0.2549001757931625, 0.6959542937441158, 0.7488852184406521]",0.8299999999999998,1,85,22,19,0,10,2,1,8,14
208,214.74712582299998,1,165,22,19,0,0,0.45376121463077984,0.24775707384403037,0.045376121463077984,0,0.3760724838008509,0.22403236844167942,0.06187961980715902,"[0, 0.2542420415193834, 0.6962705060316565, 0.7492254803086472]",0.8099999999999998,1,85,22,19,0,10,2,1,9,14
209,214.74712582299998,1,166,22,19,0,0,0.4605082417582418,0.24811126373626374,0.04532967032967033,0,0.37320068863523614,0.22182649076328406,0.0635926695025786,"[0, 0.2535896048879859, 0.6965850518912257, 0.7495639490082019]",0.7899999999999998,1,85,22,19,0,10,2,1,10,14
210,214.74712582299998,1,167,22,19,0,0,0.49111414900888584,0.24846206425153794,0.045283663704716336,0,0.38842595800313956,0.21960595125637278,0.0653101960036454,"[0, 0.25294278191269715, 0.6968979481808073, 0.749900642679437]",0.7699999999999998,1,85,22,19,0,10,2,1,11,14
211,214.74712582299998,1,168,22,19,0,0,0.4928571428571429,0.2488095238095238,0.04523809523809524,0,0.3807754667488647,0.21737096416745494,0.06703214051225173,"[0, 0.2523014903490481, 0.6972092115073344, 0.750235579192329]",0.7499999999999998,1,85,22,19,0,10,2,1,12,14
212,214.74712582299998,1,169,22,19,0,0,0.480365605958023,0.24915368991198375,0.045192958700067704,0,0.362659760851505,0.2151217396613645,0.06875844532328479,"[0, 0.25166564964796945, 0.6975188582316132, 0.7505687761520078]",0.7299999999999998,1,85,22,19,0,10,2,1,13,14
213,214.74712582299998,1,170,22,19,0,0,0.4467654986522911,0.24949460916442048,0.045148247978436654,0,0.33005239489862315,0.21285848391731288,0.07048905379861908,"[0, 0.25103518091089316, 0.6978269044731269, 0.7509002509039269]",0.7099999999999997,1,85,22,19,0,10,2,1,14,14
214,214.74712582299998,1,171,22,19,0,0,0.4921193829644534,0.24983232729711602,0.045103957075788056,0,0.35326310089866175,0.21058139922225386,0.0722239103418609,"[0, 0.2504100068463024, 0.6981333661147239, 0.7512300205389072]",0.6899999999999997,1,85,22,19,0,10,2,1,15,14
215,214.74712582299998,1,172,22,19,0,0,0.4914886515353805,0.2501668891855808,0.04506008010680908,0,0.3438458215191391,0.2082906840616479,0.07396296037381898,"[0, 0.249790051727675, 0.6984382588071925, 0.7515581018980608]",0.6699999999999997,1,85,22,19,0,10,2,1,16,14
216,214.74712582299998,1,173,22,19,0,0,0.4943521594684386,0.2504983388704319,0.04501661129568106,0,0.3367209377460714,0.2059865332077097,0.07570615030867715,"[0, 0.24917524135276758, 0.6987415979737276, 0.7518845115775962]",0.6499999999999997,1,85,22,19,0,10,2,1,17,14
217,214.74712582299998,1,174,22,19,0,0,0.4636243386243386,0.25082671957671954,0.04497354497354497,0,0.3083149346639355,0.20366913780521922,0.07745342753084511,"[0, 0.2485655030041901, 0.6990433988142891, 0.7522092659335087]",0.6299999999999997,1,85,22,19,0,10,2,1,18,14
218,214.74712582299998,1,175,22,19,0,0,0.4504608294930876,0.25115207373271886,0.044930875576036866,0,0.2918482792416847,0.20133868545497483,0.07920474037246468,"[0, 0.24796076541122294, 0.6993436763098578, 0.7525323810861605]",0.6099999999999997,1,85,22,19,0,10,2,1,19,14
219,214.74712582299998,1,176,22,19,0,0,0.48902359108781124,0.2514744429882044,0.04488859764089122,0,0.3064227143264623,0.19899536029496276,0.08096003809154986,"[0, 0.24736095871283034, 0.6996424452265917, 0.7528538729247521]",0.5899999999999996,1,85,22,19,0,10,2,1,20,14
220,214.74712582299998,1,177,22,19,0,0,0.49298760600130465,0.2517938682322244,0.04484670580560991,0,0.29972944869225376,0.19663934307931585,0.08271927085073941,"[0, 0.24676601442182589, 0.6999397201198829, 0.7531737571116887]",0.5699999999999996,1,85,22,19,0,10,2,1,21,14
221,214.74712582299998,1,178,22,19,0,0,0.5025974025974026,0.2521103896103896,0.044805194805194806,0,0.2959789419053699,0.1942708112551308,0.08448238969664201,"[0, 0.24617586539014816, 0.7002355153383208, 0.7534920490868439]",0.5499999999999996,1,85,22,19,0,10,2,1,22,14
222,214.74712582299998,1,179,22,19,0,0,0.44764059469941825,0.2524240465416936,0.04476405946994182,0,0.25761992579989224,0.19188993903721135,0.08624934653975462,"[0, 0.24559044577520575, 0.7005298450275628, 0.7538087640717255]",0.5299999999999996,1,85,22,19,0,10,2,1,23,14
223,214.74712582299998,1,180,22,19,0,0,0.4461068211068211,0.25273487773487774,0.04472329472329472,0,0.24870115510240914,0.1894968974808024,0.08802009413493495,"[0, 0.24500969100725337, 0.700822723134115, 0.7541239170735439]",0.5099999999999996,1,85,22,19,0,10,2,1,24,14
224,214.74712582299998,1,181,22,19,0,0,0.4849455477258168,0.2530429212043562,0.04468289557975656,0,0.25962252799507785,0.18709185455237687,0.08979458606241054,"[0, 0.24443353775776105, 0.7011141634090258, 0.7544375228891855]",0.48999999999999955,1,85,22,19,0,10,2,1,25,14
225,214.74712582299998,1,182,22,19,0,0,0.5,0.2533482142857143,0.04464285714285714,0,0.25780805166358484,0.18467497519853665,0.09157277670930686,"[0, 0.24386192390874178, 0.701404179411495, 0.7547495961090979]",0.46999999999999953,1,85,22,19,0,10,2,1,26,14
226,214.74712582299998,1,183,22,19,0,0,0.4849206349206349,0.2536507936507937,0.0446031746031746,0,0.24182752876380847,0.18224642141308506,0.09335462125167765,"[0, 0.24329478852300285, 0.7016927845124, 0.7550601511210823]",0.4499999999999995,1,85,22,19,0,10,2,1,27,14
227,214.74712582299998,1,184,22,19,0,0,0.44121365360303416,0.25395069532237674,0.044563843236409606,0,0.21413669469023344,0.17980635230232722,0.09514007563702191,"[0, 0.24273207181528822, 0.7019799918977415, 0.7553692021140033]",0.4299999999999995,1,85,22,19,0,10,2,1,28,14
228,214.74712582299998,1,185,22,19,0,0,0.47057898049087477,0.2542479546884833,0.04452485840151038,0,0.2181502146522319,0.17735492414865256,0.09692909656727136,"[0, 0.24217371512428068, 0.7022658145720118, 0.7556767630814119]",0.4099999999999995,1,85,22,19,0,10,2,1,29,14
229,214.74712582299998,1,186,22,19,0,0,0.4459586466165414,0.2545426065162907,0.044486215538847115,0,0.1999311808272688,0.17489229047245186,0.098721641482234,"[0, 0.2416196608854334, 0.7025502653614861, 0.7559828478250883]",0.38999999999999946,1,85,22,19,0,10,2,1,30,14
230,214.74712582299998,1,187,22,19,0,0,0.48814722395508425,0.25483468496568934,0.04444791016843418,0,0.20741276242710813,0.17241860209241908,0.10051766854347943,"[0, 0.24106985260460234, 0.7028333569174416, 0.7562874699585045]",0.36999999999999944,1,85,22,19,0,10,2,1,31,14
231,214.74712582299998,1,188,22,19,0,0,0.4484472049689441,0.25512422360248443,0.044409937888198754,0,0.18454233445793083,0.169934007184287,0.10231713661865145,"[0, 0.2405242348324512, 0.7031151017193025, 0.7565906429102093]",0.3499999999999994,1,85,22,19,0,10,2,1,32,14
232,214.74712582299998,1,189,22,19,0,0,0.48376623376623373,0.2554112554112554,0.04437229437229437,0,0.18801277196718877,0.1674386513380438,0.10412000526619566,"[0, 0.23998275313960254, 0.7033955120777159, 0.7568923799271384]",0.3299999999999994,1,85,22,19,0,10,2,1,33,14
233,214.74712582299998,1,190,22,19,0,0,0.47567733990147787,0.2556958128078818,0.04433497536945813,0,0.17661060737026943,0.16493267761367583,0.10592623472048794,"[0, 0.23944535409250994, 0.7036746001375603, 0.7571926940778515]",0.3099999999999994,1,85,22,19,0,10,2,1,34,14
234,214.74712582299998,1,191,22,19,0,0,0.49233599019006746,0.25597792765174743,0.044297976701410176,0,0.17270543694470192,0.1624162265954806,0.10773578587735244,"[0, 0.23891198523002533, 0.7039523778808866, 0.7574915982556958]",0.28999999999999937,1,85,22,19,0,10,2,1,35,14
235,214.74712582299998,1,192,22,19,0,0,0.47145909645909645,0.25625763125763124,0.04426129426129426,0,0.15799600920911627,0.1598894364449927,0.10954862027995668,"[0, 0.23838259504063922, 0.7042288571297945, 0.7577891051819032]",0.26999999999999935,1,85,22,19,0,10,2,1,36,14
236,212.929578398,1,192,23,19,0,0,0.4599836333878887,0.29410801963993455,0.00851063829787234,0,0.4558082369764324,0.2923932569350033,0.009774774501002986,"[0, 0.23847574811498476, 0.6890185530501469, 0.7580852274086171]",0.99,1,85,23,19,0,9,3,0,0,13
237,212.929578398,1,193,23,19,0,0,0.5230606258148631,0.29441003911342895,0.00847457627118644,0,0.5086392900406103,0.2892580411020392,0.01226955282084471,"[0, 0.23794961379445148, 0.6892864492594221, 0.758379977321854]",0.97,1,86,23,19,0,9,3,0,1,13
238,212.891892895,1,194,23,19,0,0,0.5212593313859136,0.2947095098993833,0.008438818565400843,0,0.5164692934506036,0.2929896295914918,0.0097046602100955,"[0, 0.23742736580335666, 0.6895531092914379, 0.7586733671444018]",0.99,1,87,23,19,0,9,3,0,0,13
239,212.891892895,1,195,23,19,0,0,0.5478345184227538,0.29395604395604397,0.008403361344537815,0,0.5326643518070641,0.2888203388583195,0.012203415346251918,"[0, 0.23690895521971553, 0.6898185441096227, 0.758965408938654]",0.97,1,88,23,19,0,9,3,0,1,13
240,212.89189328700002,1,196,23,19,0,0,0.3702124235597039,0.2942549082716447,0.008368200836820083,0,0.3538052876676539,0.2856826608843048,0.014705807482801564,"[0, 0.23639433398911716, 0.6900827645341447, 0.759256114609384]",0.95,1,89,23,19,0,9,3,0,0,13
241,212.891892895,1,197,23,19,0,0,0.3659455128205128,0.29455128205128206,0.008333333333333333,0,0.36270583522916267,0.2928343066529713,0.009601685040942939,"[0, 0.23588345490493443, 0.6903457812443792, 0.7595454959064589]",0.99,1,90,23,19,0,9,3,0,0,13
242,212.75,1,198,23,19,0,0,0.33685401735194265,0.31582421727649945,0.008298755186721992,0,0.33390434152142884,0.3138949473306224,0.009567931064961175,"[0, 0.2353762715890842, 0.690607604781323, 0.759833564427497]",0.99,1,91,23,19,0,7,3,0,0,11
243,212.75,1,199,23,19,0,0,0.3409090909090909,0.31611570247933884,0.008264462809917356,0,0.33193569038746434,0.31032044356823224,0.01207444455670005,"[0, 0.23487273847332016, 0.6908682455499581, 0.7601203316204673]",0.97,1,92,23,19,0,7,3,0,1,11
244,212.75,1,200,23,19,0,0,0.38608305274971944,0.3164047886270108,0.00823045267489712,0,0.36886418331693493,0.30673371389242304,0.014584482139687986,"[0, 0.23437281078104064, 0.6911277138215639, 0.7604058087862343]",0.95,1,93,23,19,0,7,3,0,2,11
245,212.75,1,201,23,19,0,0,0.36428837555886734,0.31669150521609535,0.00819672131147541,0,0.3417013231915094,0.30313491226050293,0.017098004488375017,"[0, 0.23387644450959522, 0.6913860197359832, 0.7606900070810505]",0.9299999999999999,1,93,23,19,0,7,3,0,3,11
246,212.75,1,202,23,19,0,0,0.3834879406307978,0.31697588126159554,0.00816326530612245,0,0.3527114863520492,0.29952419009864456,0.019614972899955566,"[0, 0.23338359641307327, 0.6916431733038376, 0.7609729375189942]",0.9099999999999999,1,93,23,19,0,7,3,0,4,11
247,212.75,1,203,23,19,0,0,0.38728750923872873,0.3172579453067258,0.008130081300813009,0,0.34924418126809686,0.29590169635334973,0.022135349281731467,"[0, 0.23289422398555978, 0.691899184408699, 0.7612546109743589]",0.8899999999999999,1,93,23,19,0,7,3,0,5,11
248,212.75,1,204,23,19,0,0,0.39105631210894365,0.3175377254324623,0.008097165991902834,0,0.34559467339352384,0.29226757754166804,0.02465909613878666,"[0, 0.23240828544484282, 0.6921540628092148, 0.7615350381839908]",0.8699999999999999,1,93,23,19,0,7,3,0,6,11
249,212.75,1,205,23,19,0,0,0.3907624633431085,0.31781524926686217,0.008064516129032258,0,0.3383377400659835,0.2886219778002043,0.02718617656196458,"[0, 0.23192573971655883, 0.692407818141189, 0.7618142297495798]",0.8499999999999999,1,93,23,19,0,7,3,0,7,11
250,212.75,1,206,23,19,0,0,0.3804308141657539,0.3180905439941585,0.008032128514056224,0,0.3227578007903051,0.28496503893294944,0.029716554216139363,"[0, 0.2314465464187615, 0.6926604599196214, 0.7620921961399012]",0.8299999999999998,1,93,23,19,0,7,3,0,8,11
251,212.75,1,207,23,19,0,0,0.3931818181818182,0.31836363636363635,0.008,0,0.32628472439507955,0.281296900457966,0.0322501933287726,"[0, 0.23097066584690107, 0.6929119975407032, 0.7623689476930131]",0.8099999999999998,1,93,23,19,0,7,3,0,9,11
252,212.75,1,208,23,19,0,0,0.3879029337196668,0.3186345526982977,0.00796812749003984,0,0.3150546766556134,0.2776176996529626,0.03478705867874737,"[0, 0.23049805895920134, 0.6931624402837729, 0.7626444946184078]",0.7899999999999998,1,93,23,19,0,7,3,0,10,11
253,212.75,1,209,23,19,0,0,0.3906024531024531,0.3189033189033189,0.007936507936507936,0,0.31017586837029876,0.27392757159978515,0.037327115585471596,"[0, 0.23002868736242157, 0.6934117973132323, 0.7629188469991193]",0.7699999999999998,1,93,23,19,0,7,3,0,11,11
254,212.75,1,210,23,19,0,0,0.40118577075098816,0.3191699604743083,0.007905138339920948,0,0.311098673047813,0.27022664922785666,0.03987032989824325,"[0, 0.22956251329799182, 0.693660077680423, 0.7631920147937884]",0.7499999999999998,1,93,23,19,0,7,3,0,12,11
255,212.75,1,211,23,19,0,0,0.39200071581961343,0.31943450250536864,0.007874015748031496,0,0.2971640095308363,0.26651506335659364,0.04241666798586983,"[0, 0.22909949962850973, 0.693907290325465, 0.763464007838686]",0.7299999999999998,1,93,23,19,0,7,3,0,13,11
256,212.75,1,212,23,19,0,0,0.3966131907308378,0.3196969696969697,0.00784313725490196,0,0.2933898018913615,0.26279294273682696,0.04496609672653516,"[0, 0.22863960982458806, 0.6941534440790592, 0.763734835849695]",0.7099999999999997,1,93,23,19,0,7,3,0,14,11
257,212.75,1,213,23,19,0,0,0.3963068181818182,0.31995738636363635,0.0078125,0,0.28603392854720244,0.25906041409125474,0.0475185834979063,"[0, 0.22818280795204207, 0.6943985476642522, 0.7640045084242537]",0.6899999999999997,1,93,23,19,0,7,3,0,15,11
258,212.75,1,214,23,19,0,0,0.3989211177927131,0.3202157764414574,0.007782101167315175,0,0.280644028597568,0.255317602153953,0.05007409616747423,"[0, 0.22772905865940615, 0.694642609698167, 0.7642730350432584]",0.6699999999999997,1,93,23,19,0,7,3,0,16,11
259,212.75,1,215,23,19,0,0,0.4063601127554616,0.3204721634954193,0.007751937984496124,0,0.2782825064609036,0.25156462970896976,0.052632603083121496,"[0, 0.22727832716577015, 0.6948856386936985, 0.7645404250729301]",0.6499999999999997,1,93,23,19,0,7,3,0,17,11
260,212.75,1,216,23,19,0,0,0.4089154089154089,0.32072657072657074,0.007722007722007722,0,0.2725436213473738,0.24780161762802727,0.05519407306391076,"[0, 0.2268305792489256, 0.6951276430611761, 0.7648066877666426]",0.6299999999999997,1,93,23,19,0,7,3,0,18,11
261,212.75,1,217,23,19,0,0,0.4037587412587412,0.320979020979021,0.007692307692307693,0,0.26199518235889857,0.24402868490735585,0.05775847539108809,"[0, 0.22638578123381242, 0.6953686311099926, 0.7650718322667162]",0.6099999999999997,1,93,23,19,0,7,3,0,19,11
262,212.75,1,218,23,19,0,0,0.4101358411703239,0.3212295367467781,0.007662835249042145,0,0.2584549172650467,0.2402459487036832,0.060325779799295,"[0, 0.22594389998125708, 0.6956086110502017, 0.7653358676061733]",0.5899999999999996,1,93,23,19,0,7,3,0,20,11
263,212.75,1,219,23,19,0,0,0.41073907009021515,0.32147814018043025,0.007633587786259542,0,0.25136547405505066,0.2364535243694011,0.06289595646798388,"[0, 0.22550490287699407, 0.6958475909940834, 0.765598802710463]",0.5699999999999996,1,93,23,19,0,7,3,0,21,11
264,212.75,1,220,23,19,0,0,0.40658486000691324,0.3217248530936744,0.0076045627376425855,0,0.24163235021106416,0.2326515254869314,0.06546897601303084,"[0, 0.22506875782096142, 0.6960855789576804, 0.7658606463991492]",0.5499999999999996,1,93,23,19,0,7,3,0,22,11
265,212.75,1,221,23,19,0,0,0.4053030303030303,0.32196969696969696,0.007575757575757576,0,0.23358482358884322,0.2288400639023126,0.06804480947854093,"[0, 0.22463543321686305, 0.6963225828623021, 0.7661214073875674]",0.5299999999999996,1,93,23,19,0,7,3,0,23,11
266,212.75,1,222,23,19,0,0,0.4106346483704974,0.32221269296740995,0.007547169811320755,0,0.22895852259923843,0.22501924975802726,0.07062342832884046,"[0, 0.22420489796198956, 0.6965586105360018, 0.7663810942884488]",0.5099999999999996,1,93,23,19,0,7,3,0,24,11
267,212.75,1,223,23,19,0,0,0.4121667805878332,0.3224538619275461,0.007518796992481203,0,0.22225432939310957,0.22118919152509042,0.07320480444065147,"[0, 0.22377712143729, 0.6967936697150243, 0.7666397156135132]",0.48999999999999955,1,93,23,19,0,7,3,0,25,11
268,212.75,1,224,23,19,0,0,0.4024514811031665,0.32269322437861764,0.00749063670411985,0,0.21019970469751326,0.21734999603441812,0.07578891009544327,"[0, 0.22335207349768776, 0.6970277680452255, 0.7668972797750309]",0.46999999999999953,1,93,23,19,0,7,3,0,26,11
269,212.75,1,224,24,19,0,0,0.4021370420624152,0.3294606512890095,0.007462686567164179,0,0.20299506931737477,0.215570443147509,0.07901165849848099,"[0, 0.22342678132154184, 0.6825800917908741, 0.7671537950873555]",0.4499999999999995,1,93,24,19,0,7,3,0,27,11
270,212.75,1,224,25,19,0,0,0.4018249408583981,0.2274417032781345,0.007434944237918215,0,0.19580911657737937,0.1667194415565708,0.08225312486706346,"[0, 0.22350118607071512, 0.6690118910513827, 0.7674092697684263]",0.4299999999999995,1,93,25,19,0,7,3,0,28,11
271,212.75,1,225,25,19,0,0,0.4154040404040404,0.2271043771043771,0.007407407407407408,0,0.19410202751375144,0.1644719074570798,0.08489155324465675,"[0, 0.2230779028650131, 0.6692337085950393, 0.7676637119412432]",0.4099999999999995,1,93,25,19,0,7,3,0,29,11
272,212.75,1,226,25,19,0,0,0.402130157665213,0.22769204964776918,0.007380073800738007,0,0.18137628701157987,0.16259993135010048,0.08753267127267032,"[0, 0.22265729889484376, 0.6694546330188298, 0.7679171296353122]",0.38999999999999946,1,93,25,19,0,7,3,0,30,11
273,212.75,1,227,25,19,0,0,0.4183656417112299,0.2273562834224599,0.007352941176470588,0,0.18009716836581965,0.16036407970491764,0.09017645246402188,"[0, 0.2222393452458298, 0.6696746712424473, 0.7681695307880662]",0.36999999999999944,1,93,25,19,0,7,3,0,31,11
274,212.75,1,228,25,19,0,0,0.41891441891441894,0.22702297702297702,0.007326007326007326,0,0.17267550866131348,0.15814381177646114,0.09282287070441635,"[0, 0.22182401344358313, 0.6698938301065303, 0.7684209232462552]",0.3499999999999994,1,93,25,19,0,7,3,0,32,11
275,212.75,1,229,25,19,0,0,0.40212342402123424,0.2276045122760451,0.0072992700729927005,0,0.15950702330206057,0.15624005455452536,0.09547190024560365,"[0, 0.22141127544508424, 0.670112116373854, 0.768671314767315]",0.3299999999999994,1,93,25,19,0,7,3,0,33,11
276,212.75,1,230,25,19,0,0,0.4181818181818182,0.22727272727272727,0.007272727272727273,0,0.15719076276893507,0.1540311760777346,0.09812351569878465,"[0, 0.2210011036302676, 0.6703295367304992, 0.7689207130207059]",0.3099999999999994,1,93,25,19,0,7,3,0,34,11
277,212.75,1,231,25,19,0,0,0.4169137022397892,0.2269433465085639,0.007246376811594203,0,0.14920477683919114,0.15183752454503152,0.10077769202816181,"[0, 0.2205934707938076, 0.6705460977869993, 0.7691691255892296]",0.28999999999999937,1,93,25,19,0,7,3,0,35,11
278,211.4,1,231,26,19,0,0,0.37200525106662286,0.2702658352477847,0.007220216606498195,0,0.3686869381164104,0.26876064489382184,0.008548806881464465,"[0, 0.22066443361213026, 0.6577360650330647, 0.7694165599703207]",0.99,1,93,26,19,0,6,4,0,0,11
279,211.4,1,232,26,19,0,0,0.3392740353172008,0.2708469587965991,0.007194244604316547,0,0.33029878023809744,0.2663149922372166,0.011182009081258822,"[0, 0.22025888204116248, 0.6579467545496038, 0.7696630235773135]",0.97,1,94,26,19,0,6,4,0,1,11
280,211.4,1,233,26,19,0,0,0.36322906484196804,0.27052785923753664,0.007168458781362007,0,0.34706882244580173,0.2629922568040175,0.01381803446800412,"[0, 0.2198558205238359, 0.6581566204659662, 0.7699085237406875]",0.95,1,95,26,19,0,6,4,0,2,11
281,211.4,1,234,26,19,0,0,0.34862012987012986,0.2711038961038961,0.007142857142857143,0,0.3270132210854172,0.26051612429521265,0.01645685591807148,"[0, 0.2194552229929433, 0.6583656689788299, 0.7701530677092874]",0.9299999999999999,1,96,26,19,0,6,4,0,3,11
282,211.4,1,235,26,19,0,0,0.36080556454221935,0.27167583306373344,0.0071174377224199285,0,0.33192192389848385,0.25801456957090674,0.019098446679428557,"[0, 0.2190570637660861, 0.658573906216113, 0.7703966626515232]",0.9099999999999999,1,97,26,19,0,6,4,0,4,11
283,211.4,1,236,26,19,0,0,0.4854932301740812,0.2713571889103804,0.0070921985815602835,0,0.43646729074203106,0.25469885861562763,0.021742780365100696,"[0, 0.21866131753835916, 0.6587813382379802, 0.7706393156565469]",0.8899999999999999,1,98,26,19,0,6,4,0,5,11
284,211.4,1,237,26,19,0,0,0.3478156119498875,0.27192418888531966,0.007067137809187279,0,0.3077644749998704,0.25216773067398063,0.024389830946772086,"[0, 0.2182679593752055, 0.6589879710378307, 0.7708810337354087]",0.8699999999999999,1,99,26,19,0,6,4,0,6,11
285,211.4,1,238,26,19,0,0,0.37924135723431496,0.271606914212548,0.007042253521126761,0,0.328303768766886,0.24886360470738175,0.027039572748523453,"[0, 0.21787696470543608, 0.6591938105432683, 0.7711218238221921]",0.8499999999999999,1,100,26,19,0,6,4,0,7,11
286,211.4,1,239,26,19,0,0,0.46483253588516743,0.27129186602870814,0.007017543859649123,0,0.3925405126961106,0.245575321855212,0.029691980440702787,"[0, 0.21748830931441024, 0.6593988626170547, 0.7713616927751278]",0.8299999999999998,1,101,26,19,0,6,4,0,8,11
287,211.4,1,240,26,19,0,0,0.4694055944055944,0.270979020979021,0.006993006993006993,0,0.3877261266182381,0.24230271847371007,0.03234702903392589,"[0, 0.21710196933737252, 0.6596031330580447, 0.771600647377689]",0.8099999999999998,1,102,26,19,0,6,4,0,9,11
288,211.4,1,241,26,19,0,0,0.45826734241368383,0.2706683560342097,0.006968641114982578,0,0.37031410119347785,0.2390456331879908,0.035004693873203395,"[0, 0.2167179212529412, 0.6598066276021052, 0.7718386943396659]",0.7899999999999998,1,102,26,19,0,6,4,0,10,11
289,211.4,1,242,26,19,0,0,0.4593592171717171,0.2703598484848485,0.006944444444444444,0,0.3627620452928839,0.23580390685270256,0.03766495063219115,"[0, 0.21633614187674527, 0.6600093519230179, 0.7720758402982215]",0.7699999999999998,1,102,26,19,0,6,4,0,11,11
290,211.4,1,243,26,19,0,0,0.4587134318968229,0.2700534759358289,0.006920415224913495,0,0.3538603344721103,0.23257738251350252,0.040327775307561015,"[0, 0.215956608355205, 0.6602113116333653, 0.772312091818929]",0.7499999999999998,1,102,26,19,0,6,4,0,12,11
291,211.4,1,244,26,19,0,0,0.39083072100313476,0.26974921630094045,0.006896551724137931,0,0.295898787407777,0.22936590536932963,0.04299314421348891,"[0, 0.2155792981594529, 0.6604125122854024, 0.7725474553967897]",0.7299999999999998,1,102,26,19,0,6,4,0,13,11
292,211.4,1,245,26,19,0,0,0.4557169634489222,0.26944704779756323,0.006872852233676976,0,0.3349158163592015,0.22616932273545623,0.04566103397625747,"[0, 0.2152041890793911, 0.6606129593719116, 0.7727819374572346]",0.7099999999999997,1,102,26,19,0,6,4,0,14,11
293,211.4,1,246,26,19,0,0,0.4550902864259029,0.2691469489414695,0.00684931506849315,0,0.3261308142644772,0.2229874840072996,0.048331421528970284,"[0, 0.21483125921788127, 0.6608126583270424, 0.7730155443571066]",0.6899999999999997,1,102,26,19,0,6,4,0,15,11
294,211.4,1,247,26,19,0,0,0.4578808563450202,0.26884889854173133,0.006825938566552901,0,0.31965778988236365,0.21982024062497496,0.051004284106375204,"[0, 0.21446048698506445, 0.6610116145271385, 0.7732482823856274]",0.6699999999999997,1,102,26,19,0,6,4,0,16,11
295,211.4,1,248,26,19,0,0,0.4598021026592455,0.26855287569573283,0.006802721088435374,0,0.312505459359852,0.21666744603857285,0.053679599239793915,"[0, 0.21409185109280598, 0.6612098332915483, 0.7734801577653452]",0.6499999999999997,1,102,26,19,0,6,4,0,17,11
296,211.4,1,249,26,19,0,0,0.45069337442218793,0.26825885978428354,0.006779661016949152,0,0.29832479356445657,0.21352895567414304,0.05635734475215526,"[0, 0.21372533054926393, 0.6614073198834216, 0.7737111766530685]",0.6299999999999997,1,102,26,19,0,6,4,0,18,11
297,211.4,1,250,26,19,0,0,0.40786240786240785,0.26796683046683045,0.006756756756756757,0,0.26393533134895875,0.2104046269003682,0.05903749875312988,"[0, 0.2133609046535763, 0.6616040795104937, 0.7739413451407814]",0.6099999999999997,1,102,26,19,0,6,4,0,19,11
298,211.4,1,251,26,19,0,0,0.45959595959595956,0.2676767676767677,0.006734006734006734,0,0.28704961443369725,0.20729431899591205,0.061720039634363594,"[0, 0.212998552990665, 0.661800117325855, 0.7741706692565447]",0.5899999999999996,1,102,26,19,0,6,4,0,20,11
299,211.4,1,252,26,19,0,0,0.41953935326418546,0.26738865161683956,0.006711409395973154,0,0.25577162695565697,0.20419789311742442,0.0644049460648074,"[0, 0.21263825542615283, 0.6619954384287068, 0.7743991549653804]",0.5699999999999996,1,102,26,19,0,6,4,0,21,11
300,211.4,1,253,26,19,0,0,0.424901185770751,0.26710246275463667,0.006688963210702341,0,0.25107352720051856,0.20111521226818935,0.06709219698614145,"[0, 0.21227999210139117, 0.6621900478651059, 0.7746268081701418]",0.5499999999999996,1,102,26,19,0,6,4,0,22,11
301,211.4,1,254,26,19,0,0,0.37856060606060604,0.26681818181818184,0.006666666666666667,0,0.21875617803339914,0.1980461412674005,0.0697817716082911,"[0, 0.21192374342859505, 0.6623839506286947, 0.7748536347123685]",0.5299999999999996,1,102,26,19,0,6,4,0,23,11
302,211.4,1,255,26,19,0,0,0.39482029598308666,0.26653578979160375,0.006644518272425249,0,0.2202161119389469,0.1949905467200492,0.07247364940503269,"[0, 0.2115694900860833, 0.6625771516614194, 0.7750796403731259]",0.5099999999999996,1,102,26,19,0,6,4,0,24,11
303,211.4,1,256,26,19,0,0,0.3977272727272727,0.26625526791089704,0.006622516556291391,0,0.21448037092818772,0.1919482969874111,0.07516781010968696,"[0, 0.21121721301362056, 0.6627696558542371, 0.7753048308738325]",0.48999999999999955,1,102,26,19,0,6,4,0,25,11
304,211.4,1,257,26,19,0,0,0.44846984698469844,0.265976597659766,0.006600660066006601,0,0.23110864334490575,0.18891926215811744,0.07786423371089801,"[0, 0.21086689340785925, 0.6629614680478084, 0.7755292118770707]",0.46999999999999953,1,102,26,19,0,6,4,0,26,11
305,211.4,1,258,26,19,0,0,0.4569377990430622,0.26569976076555024,0.006578947368421052,0,0.22668121376137115,0.1859033140197977,0.08056290044849597,"[0, 0.21051851271787822, 0.6631525930331815, 0.7757527889873859]",0.4499999999999995,1,102,26,19,0,6,4,0,27,11
306,211.4,1,259,26,19,0,0,0.4432190760059612,0.265424739195231,0.006557377049180328,0,0.21237239582693845,0.18290032603128026,0.08326379080944124,"[0, 0.2101720526408165, 0.663343035552462, 0.7759755677520708]",0.4299999999999995,1,102,26,19,0,6,4,0,28,11
307,211.4,1,260,26,19,0,0,0.42795603089720735,0.26515151515151514,0.006535947712418301,0,0.197976773622881,0.1799101732953381,0.08596688552384843,"[0, 0.20982749511759893, 0.6635328002994728, 0.7761975536619379]",0.4099999999999995,1,102,26,19,0,6,4,0,29,11
308,211.4,1,261,26,19,0,0,0.46165235416049744,0.26488007106899614,0.006514657980456026,0,0.2032834643588243,0.1769327325319676,0.08867216556108817,"[0, 0.20948482232875199, 0.6637218919204035, 0.7764187521520775]",0.38999999999999946,1,102,26,19,0,6,4,0,30,11
309,211.4,1,262,26,19,0,0,0.43100649350649345,0.26461038961038963,0.006493506493506494,0,0.18343334997769056,0.17396788205218797,0.09137961212596538,"[0, 0.20914401669030727, 0.6639103150144473, 0.7766391686026044]",0.36999999999999944,1,102,26,19,0,6,4,0,31,11
310,211.4,1,263,26,19,0,0,0.4563842306560753,0.26434245366284204,0.006472491909385114,0,0.18441500329258492,0.17101550173234942,0.09408920665497127,"[0, 0.2088050608497906, 0.6640980741344289, 0.7768588083393916]",0.3499999999999994,1,102,26,19,0,6,4,0,32,11
311,211.4,1,264,26,19,0,0,0.46143695014662756,0.26407624633431087,0.0064516129032258064,0,0.1776719832952266,0.16807547298893885,0.0968009308126085,"[0, 0.20846793768229452, 0.6642851737874209, 0.7770776766347914]",0.3299999999999994,1,102,26,19,0,6,4,0,33,11
312,211.4,1,265,26,19,0,0,0.4077755042385267,0.26381175095001463,0.006430868167202572,0,0.1525231729986216,0.1651476787538716,0.09951476648778722,"[0, 0.20813263028663226, 0.6644716184353512, 0.777295778708346]",0.3099999999999994,1,102,26,19,0,6,4,0,34,11
313,211.4,1,265,27,19,0,0,0.4073426573426573,0.3997668997668998,0.00641025641025641,0,0.1452028493768506,0.20074983267605606,0.10296806386783892,"[0, 0.20819082661192012, 0.6522328139103729, 0.7775131197274852]",0.28999999999999937,1,102,27,19,0,6,4,0,35,11
314,211.4,1,265,28,19,0,0,0.40771129828637814,0.2417223351728144,0.006389776357827476,0,0.13811934219253674,0.15151917670969064,0.10643380174836777,"[0, 0.20824882052333368, 0.640658321602539, 0.7777297048082121]",0.26999999999999935,1,102,28,19,0,6,4,0,36,11
315,211.4,1,265,29,19,0,0,0.4080775911986103,0.25904748118123916,0.006369426751592357,0,0.1310235174919339,0.1524384554933941,0.10991165179753222,"[0, 0.20830661337717069, 0.6296902898227992, 0.7779455390157803]",0.24999999999999936,1,102,29,19,0,6,4,0,37,11
316,211.4,1,265,30,19,0,0,0.4076479076479076,0.38737373737373737,0.006349206349206349,0,0.1237328987014412,0.17818110087154548,0.11340129624230877,"[0, 0.20836420651631746, 0.619277678096325, 0.7781606273653567]",0.22999999999999937,1,102,30,19,0,6,4,0,38,11
317,211.4,1,265,31,19,0,0,0.408012082853855,0.25064729574223243,0.006329113924050633,0,0.11662902974336654,0.1431161256123733,0.11690242807348891,"[0, 0.20842160127042408, 0.6093752598589706, 0.7783749748226758]",0.20999999999999938,1,102,31,19,0,6,4,0,39,11
318,211.30434862200005,1,265,32,19,0,0,0.40758531689131056,0.42364496702036136,0.006309148264984227,0,0.40390356100259556,0.42054261744162325,0.007717859410670814,"[0, 0.2084787989560765, 0.5999427979960507, 0.7785885863046826]",0.99,1,102,32,19,0,6,5,0,0,11
319,211.30434862200005,1,265,33,19,0,0,0.4079473985134362,0.2995997712978845,0.006289308176100629,0,0.39689813201446544,0.29398158183717943,0.010541669796153818,"[0, 0.20853580087696588, 0.5909443589036202, 0.7788014666801653]",0.97,1,102,33,19,0,6,5,0,1,11
320,211.30434862200005,1,266,33,19,0,0,0.3362068965517241,0.3001567398119122,0.006269592476489028,0,0.3213752404456459,0.2907666388288517,0.01335968812362145,"[0, 0.20820014775378543, 0.5911053386503117, 0.7790136207703772]",0.95,1,102,33,19,0,6,5,0,2,11
321,211.30434862200005,1,267,33,19,0,0,0.34460227272727273,0.3007102272727273,0.00625,0,0.32324576923999915,0.2875272869055475,0.016180068854453333,"[0, 0.2078662959025296, 0.5912657709239468, 0.7792250533496503]",0.9299999999999999,1,102,33,19,0,6,5,0,3,11
322,211.30434862200005,1,268,33,19,0,0,0.34515717926932876,0.30126026621353724,0.006230529595015576,0,0.3176431089053279,0.28426375605063475,0.01900279236490953,"[0, 0.2075342288461383, 0.5914256593120798, 0.7794357691459971]",0.9099999999999999,1,102,33,19,0,6,5,0,4,11
323,211.30434862200005,1,269,33,19,0,0,0.32707509881422925,0.3018068887634105,0.006211180124223602,0,0.29542880660637116,0.2809762733830896,0.021827839265197584,"[0, 0.20720393032012477, 0.5915850073675679, 0.7796457728417039]",0.8899999999999999,1,102,33,19,0,6,5,0,5,11
324,211.30434862200005,1,270,33,19,0,0,0.33232479594708697,0.3023501266535322,0.006191950464396285,0,0.29423392596882836,0.2776650632018571,0.02465519039587795,"[0, 0.2068753842690428, 0.5917438186090153, 0.7798550690739143]",0.8699999999999999,1,102,33,19,0,6,5,0,6,11
325,211.30434862200005,1,271,33,19,0,0,0.3205667789001122,0.3028900112233446,0.006172839506172839,0,0.27837001133145717,0.2743303470293912,0.027484826824336773,"[0, 0.20654857484302594, 0.5919020965212083, 0.7800636624352041]",0.8499999999999999,1,102,33,19,0,6,5,0,7,11
326,211.30434862200005,1,272,33,19,0,0,0.335034965034965,0.3034265734265734,0.006153846153846154,0,0.284741695735053,0.2709723436543916,0.03031672984132457,"[0, 0.2062234863943965, 0.5920598445555445, 0.7802715574741464]",0.8299999999999998,1,102,33,19,0,6,5,0,8,11
327,211.30434862200005,1,273,33,19,0,0,0.3448131622978249,0.30395984383714447,0.006134969325153374,0,0.28673330999138574,0.26759126917375436,0.033150880957559276,"[0, 0.2059001034743429, 0.5922170661304553, 0.7804787586958679]",0.8099999999999998,1,102,33,19,0,6,5,0,9,11
328,211.30434862200005,1,274,33,19,0,0,0.3208924103419516,0.3044898526549903,0.0061162079510703364,0,0.2617091931147838,0.26418733703375336,0.03598726190039242,"[0, 0.2055784108296638, 0.5923737646318209, 0.780685270562597]",0.7899999999999998,1,102,33,19,0,6,5,0,10,11
329,211.191489335,1,274,34,19,0,0,0.31724906191369606,0.28793386491557227,0.006097560975609756,0,0.31446943105193925,0.28616977918124903,0.007528472693641063,"[0, 0.2056326113828199, 0.5837512367229194, 0.780891097494202]",0.99,1,102,34,19,0,7,6,0,0,13
330,211.166666797,1,275,34,19,0,0,0.25766786405084274,0.33047803260569214,0.0060790273556231,0,0.2554834237024546,0.32828877103783555,0.007510480031746288,"[0, 0.20531231643107437, 0.5839045928697887, 0.7810962438687237]",0.99,1,103,34,19,0,5,6,0,0,11
331,211.166666797,1,275,35,19,0,0,0.25757575757575757,0.48257575757575755,0.006060606060606061,0,0.25103152959252084,0.4714146297197713,0.010379598263465361,"[0, 0.20536606171704092, 0.5756533011388278, 0.7813007140228959]",0.97,1,103,35,19,0,5,6,0,1,11
332,211.166666797,1,275,36,19,0,0,0.257484207635265,0.47741005218346605,0.006042296072507553,0,0.24659195259573063,0.459017384758804,0.013280390742142033,"[0, 0.20541963038667171, 0.5677498654717323, 0.7815045122526612]",0.95,1,103,36,19,0,5,6,0,2,11
333,211.166666797,1,275,37,19,0,0,0.2573932092004381,0.48733570646221247,0.006024096385542169,0,0.24216427796924478,0.4608246064107632,0.01621141682481117,"[0, 0.2054730235585726, 0.5601705806278041, 0.7817076428136766]",0.9299999999999999,1,103,37,19,0,5,6,0,3,11
334,211.166666797,1,275,38,19,0,0,0.2573027573027573,0.49119574119574116,0.006006006006006006,0,0.23774811864261594,0.4566796409585622,0.019171339497920853,"[0, 0.2055262423408915, 0.5528939410040327, 0.7819101099218129]",0.9099999999999999,1,103,38,19,0,5,6,0,4,11
335,211.166666797,1,275,39,19,0,0,0.2572128470332063,0.3378470332063146,0.005988023952095809,0,0.23334311258850543,0.31243060674294837,0.02215891539908505,"[0, 0.2055792878314474, 0.5459003850603712, 0.782111917753645]",0.8899999999999999,1,103,39,19,0,5,6,0,5,11
336,211.166666797,1,275,40,19,0,0,0.257123473541384,0.3391451831750339,0.005970149253731343,0,0.22894892050602322,0.308825854660261,0.02517298602774552,"[0, 0.20563216111785745, 0.5391720751218977, 0.7823130704469357]",0.8699999999999999,1,103,40,19,0,5,6,0,6,11
337,211.0,1,275,41,19,0,0,0.02976190476190476,0.6956845238095238,0.005952380952380952,0,0.02987000481716852,0.6897784297240264,0.007436386887376565,"[0, 0.20568486327766217, 0.5326927069129116, 0.7825135721011122]",0.99,1,103,41,19,0,0,2,0,0,2
338,211.0,1,275,42,19,0,0,0.02967359050445104,0.7040059347181009,0.005934718100890208,0,0.03000566729631449,0.6860133768710901,0.010406771856334252,"[0, 0.2057373953784486, 0.5264473441924228, 0.7827134267777341]",0.97,1,103,42,19,0,0,2,0,1,2
339,211.0,1,275,43,19,0,0,0.029585798816568046,0.5687869822485208,0.005917159763313609,0,0.030151963724602708,0.5455203894144419,0.013403090647937602,"[0, 0.20578975847797176, 0.5204222746731296, 0.7829126385009558]",0.95,1,103,43,19,0,0,2,0,2,2
340,211.0,1,275,44,19,0,0,0.029498525073746312,0.7123893805309734,0.0058997050147492625,0,0.030308596151817226,0.6697095434768882,0.016424338247400777,"[0, 0.20584195362427413, 0.5146048840606853, 0.783111211257981]",0.9299999999999999,1,103,44,19,0,0,2,0,3,2
341,211.0,1,275,45,19,0,0,0.029411764705882353,0.6933823529411764,0.0058823529411764705,0,0.030475283207291086,0.6401507338242898,0.01946957120371321,"[0, 0.20589398185580332, 0.5089835455803702, 0.7833091489995107]",0.9099999999999999,1,103,45,19,0,0,2,0,4,2
342,211.0,1,275,46,19,0,0,0.02932551319648094,0.5733137829912024,0.005865102639296188,0,0.030651758764988567,0.5213792536178147,0.02253790257320847,"[0, 0.2059458442015282, 0.5035475227900332, 0.7835064556401842]",0.8899999999999999,1,103,46,19,0,0,2,0,5,2
343,211.0,1,275,47,19,0,0,0.029239766081871343,0.5752923976608187,0.005847953216374269,0,0.030837770744052875,0.5135644336322202,0.025628497378112867,"[0, 0.2059975416810529, 0.4982868838314016, 0.7837031350590138]",0.8699999999999999,1,103,47,19,0,0,2,0,6,2
344,211.0,1,275,48,19,0,0,0.029154518950437316,0.5699708454810496,0.0058309037900874635,0,0.0310330800284844,0.4994391794419169,0.028740568517936858,"[0, 0.20604907530472955, 0.4931924255621878, 0.7838991910998129]",0.8499999999999999,1,103,48,19,0,0,2,0,7,2
345,211.0,1,275,49,19,0,0,0.029069767441860465,0.6998546511627907,0.005813953488372093,0,0.03123745949187983,0.5977220162651393,0.03187337308019002,"[0, 0.20610044607376893, 0.4882556062511202, 0.7840946275716174]",0.8299999999999998,1,103,49,19,0,0,2,0,8,2
346,211.0,1,275,50,19,0,0,0.028985507246376812,0.7188405797101449,0.005797101449275362,0,0.0314506931150744,0.6009578804894476,0.03502620900417351,"[0, 0.20615165498034976, 0.4834684857167573, 0.7842894482491015]",0.8099999999999998,1,103,50,19,0,0,2,0,9,2
347,211.0,1,275,51,19,0,0,0.028901734104046242,0.7254335260115607,0.005780346820809248,0,0.031672575186148806,0.5936203422358548,0.03819841205776511,"[0, 0.20620270300772622, 0.4788236719563822, 0.7844836568729862]",0.7899999999999998,1,103,51,19,0,0,2,0,10,2
348,211.0,1,275,52,19,0,0,0.02881844380403458,0.7089337175792507,0.005763688760806916,0,0.0319029095736392,0.5682149419449627,0.04138935309234901,"[0, 0.20625359113033398, 0.47431427344953064, 0.7846772571504433]",0.7699999999999998,1,103,52,19,0,0,2,0,11,2
349,211.0,1,275,53,19,0,0,0.028735632183908046,0.7011494252873564,0.005747126436781609,0,0.032141509064962576,0.549984193320563,0.04459843554550885,"[0, 0.20630432031389453, 0.46993385643668184, 0.7848702527554927]",0.7499999999999998,1,103,53,19,0,0,2,0,12,2
350,211.0,1,275,54,19,0,0,0.02865329512893983,0.6891117478510029,0.0057306590257879654,0,0.03238819476307448,0.528938574536184,0.04782509316492487,"[0, 0.2063548915155182, 0.4656764065712659, 0.7850626473293927]",0.7299999999999998,1,103,54,19,0,0,2,0,13,2
351,211.0,1,275,55,19,0,0,0.02857142857142857,0.7092857142857143,0.005714285714285714,0,0.032642795535238314,0.5312241308202807,0.051068787930195106,"[0, 0.2064053056838054, 0.4615362944256126, 0.785254444481027]",0.7099999999999997,1,103,55,19,0,0,2,0,14,2
352,211.0,1,275,56,19,0,0,0.02849002849002849,0.6994301994301995,0.005698005698005698,0,0.03290514750852744,0.511962425535929,0.054329008152124734,"[0, 0.20645556375894664, 0.45750824440135446, 0.7854456477872838]",0.6899999999999997,1,103,56,19,0,0,2,0,15,2
353,211.0,1,275,57,19,0,0,0.028409090909090908,0.5852272727272727,0.005681818181818182,0,0.033175093607322084,0.4231628214793951,0.05760526673146453,"[0, 0.20650566667282078, 0.4535873066542184, 0.785636260793431]",0.6699999999999997,1,103,57,19,0,0,2,0,16,2
354,211.0,1,275,58,19,0,0,0.028328611898016998,0.7195467422096318,0.0056657223796034,0,0.0334524831286178,0.5004521170269067,0.06089709956118921,"[0, 0.20655561534909225, 0.4497688316938126, 0.7858262870134847]",0.6499999999999997,1,103,58,19,0,0,2,0,17,2
355,211.0,1,275,59,19,0,0,0.02824858757062147,0.6002824858757062,0.005649717514124294,0,0.03373717135144312,0.41259266289540414,0.06420406405823739,"[0, 0.2066054107033066, 0.4460484473623524, 0.7860157299305733]",0.6299999999999997,1,103,59,19,0,0,2,0,18,2
356,211.0,1,275,60,19,0,0,0.028169014084507043,0.5725352112676056,0.005633802816901409,0,0.03402901917710337,0.3853114401937667,0.06752573781222841,"[0, 0.2066550536429846, 0.4424220379334426, 0.786204592997296]",0.6099999999999997,1,103,60,19,0,0,2,0,19,2
357,211.0,1,275,61,19,0,0,0.028089887640449437,0.5575842696629214,0.0056179775280898875,0,0.03432789279733251,0.3666727494131688,0.0708617173400604,"[0, 0.20670454506771527, 0.4388857251040031, 0.7863928796360754]",0.5899999999999996,1,103,61,19,0,0,2,0,20,2
358,211.0,1,275,62,19,0,0,0.028011204481792718,0.5476190476190477,0.0056022408963585435,0,0.03463366338775461,0.3514572406841391,0.07421161693650956,"[0, 0.20675388586924728, 0.43543585067999135, 0.7865805932395069]",0.5699999999999996,1,103,62,19,0,0,2,0,21,2
359,211.0,1,275,63,19,0,0,0.027932960893854747,0.5817039106145252,0.00558659217877095,0,0.03494620682433604,0.3608516305915821,0.07757506761201473,"[0, 0.20680307693157937, 0.43206896078041, 0.786767737170701]",0.5499999999999996,1,103,63,19,0,0,2,0,22,2
360,211.0,1,275,64,19,0,0,0.027855153203342618,0.5842618384401115,0.005571030640668524,0,0.03526540342075573,0.352157532280062,0.08095171610976708,"[0, 0.20685211913104892, 0.4287817914047409, 0.7869543147636221]",0.5299999999999996,1,103,64,19,0,0,2,0,23,2
361,211.0,1,275,65,19,0,0,0.027777777777777776,0.5569444444444445,0.005555555555555556,0,0.035591137684837015,0.32810930498678237,0.08434122399504713,"[0, 0.2069010133364201, 0.42557125522688843, 0.7871403293234217]",0.5099999999999996,1,103,65,19,0,0,2,0,24,2
362,211.0,1,275,66,19,0,0,0.027700831024930747,0.5637119113573408,0.00554016620498615,0,0.03592329809237519,0.3218403603049034,0.08774326681047753,"[0, 0.2069497604089699, 0.42243442949433996, 0.7873257841267677]",0.48999999999999955,1,103,66,19,0,0,2,0,25,2
363,211.0,1,275,67,19,0,0,0.027624309392265192,0.5435082872928176,0.0055248618784530384,0,0.036261776876864035,0.3026096953564962,0.0911575332915015,"[0, 0.20699836120257345, 0.41936854492488, 0.7875106824221679]",0.46999999999999953,1,103,67,19,0,0,2,0,26,2
364,211.0,1,275,68,19,0,0,0.027548209366391185,0.5709366391184573,0.005509641873278237,0,0.03660646983377332,0.305607326190419,0.09458372463696449,"[0, 0.2070468165637881, 0.4163709755051183, 0.78769502743029]",0.4499999999999995,1,103,67,19,0,0,2,0,27,2
365,211.0,1,275,69,19,0,0,0.027472527472527472,0.5879120879120879,0.005494505494505495,0,0.03695727613816231,0.3029991920096785,0.09802155383018106,"[0, 0.20709512733193614, 0.4134392291055407, 0.7878788223442766]",0.4299999999999995,1,103,67,19,0,0,2,0,28,2
366,211.0,1,275,70,19,0,0,0.0273972602739726,0.5863013698630137,0.005479452054794521,0,0.03731409817453155,0.2920781705177828,0.1014707450063156,"[0, 0.2071432943391865, 0.4105709388359612, 0.7880620703300558]",0.4099999999999995,1,103,67,19,0,0,2,0,29,2
367,211.0,1,275,71,19,0,0,0.0273224043715847,0.5703551912568305,0.00546448087431694,0,0.037676841377920364,0.275617535595839,0.10493103286230603,"[0, 0.20719131841063518, 0.4077638550733302, 0.7882447745266471]",0.38999999999999946,1,103,67,19,0,0,2,0,30,2
368,211.0,1,275,72,19,0,0,0.027247956403269755,0.5851498637602179,0.005449591280653951,0,0.03804541408535067,0.27115596604306874,0.10840216210591283,"[0, 0.20723920036438473, 0.4050158381009648, 0.7884269380464644]",0.36999999999999944,1,103,67,19,0,0,2,0,31,2
369,211.0,1,275,73,19,0,0,0.02717391304347826,0.5509510869565217,0.005434782608695652,0,0.03841972739680166,0.24894230957544622,0.11188388694079543,"[0, 0.2072869410116225, 0.40232485130455337, 0.7886085639756121]",0.3499999999999994,1,103,67,19,0,0,2,0,32,2
370,211.0,1,275,74,19,0,0,0.02710027100271003,0.5833333333333334,0.005420054200542005,0,0.03879969504497404,0.25005604168729806,0.1153759705848009,"[0, 0.20733454115669772, 0.3996889548758434, 0.7887896553741806]",0.3299999999999994,1,103,67,19,0,0,2,0,33,2
371,211.0,1,275,75,19,0,0,0.02702702702702703,0.5905405405405405,0.005405405405405406,0,0.03918523327317004,0.24205820352954638,0.11887818481890498,"[0, 0.2073820015971978, 0.39710629997985075, 0.7889702152765351]",0.3099999999999994,1,103,67,19,0,0,2,0,34,2
372,211.0,1,275,76,19,0,0,0.026954177897574125,0.5849056603773585,0.005390835579514825,0,0.03957626072067505,0.2300361251326408,0.1223903095644737,"[0, 0.2074293231240232, 0.39457512334580036, 0.7891502466916007]",0.28999999999999937,1,103,67,19,0,0,2,0,35,2
373,211.0,1,275,77,19,0,0,0.026881720430107527,0.5658602150537635,0.005376344086021506,0,0.039972698315081115,0.2146071046820697,0.12591213248671995,"[0, 0.20747650652146174, 0.3920937422458989, 0.7893297526031448]",0.26999999999999935,1,103,67,19,0,0,2,0,36,2
374,211.0,1,275,78,19,0,0,0.02680965147453083,0.5911528150134049,0.005361930294906166,0,0.04037446917104093,0.21101318140225556,0.12944344862241375,"[0, 0.20752355256726127, 0.38966054982950377, 0.7895087359700544]",0.24999999999999936,1,103,67,19,0,0,2,0,37,2
375,211.0,1,275,79,19,0,0,0.026737967914438502,0.5868983957219251,0.0053475935828877,0,0.04078149849498484,0.19960075163537117,0.1329840600300716,"[0, 0.20757046203270185, 0.3872740107833419, 0.7896871997266107]",0.22999999999999937,1,103,67,19,0,0,2,0,38,2
376,211.0,1,275,80,19,0,0,0.02666666666666667,0.5680000000000001,0.005333333333333333,0,0.041193713495373194,0.18527251104362552,0.13653377546100112,"[0, 0.20761723568266696, 0.3849326572911946, 0.7898651467827584]",0.20999999999999938,1,103,67,19,0,0,2,0,39,2
377,211.0,1,275,81,19,0,0,0.026595744680851064,0.5644946808510638,0.005319148936170213,0,0.04161104329809167,0.17461436580113113,0.14009241004971318,"[0, 0.20766387427571323, 0.382635085268932, 0.790042580024373]",0.1899999999999994,1,103,67,19,0,0,2,0,40,2
378,211.0,1,275,82,19,0,0,0.026525198938992044,0.5298408488063661,0.005305039787798408,0,0.042033418866629924,0.1587908809916701,0.14365978502233645,"[0, 0.2077103785641398, 0.38037995085299525, 0.7902195023135234]",0.1699999999999994,1,103,67,19,0,0,2,0,41,2
379,211.0,1,275,83,19,0,0,0.026455026455026454,0.5846560846560847,0.005291005291005291,0,0.04246077292671342,0.15776381711182277,0.1472357274217811,"[0, 0.20775674929405633, 0.37816596712241124, 0.7903959164887315]",0.1499999999999994,1,103,67,19,0,0,2,0,42,2
380,211.0,1,275,84,19,0,0,0.026385224274406333,0.5850923482849604,0.005277044854881266,0,0.042893039895084396,0.14746499052026785,0.15082006984849977,"[0, 0.20780298720545032, 0.3759919010362054, 0.7905718253652276]",0.12999999999999942,1,103,67,19,0,0,2,0,43,2
381,211.0,1,275,84,20,0,0,0.026973684210526316,0.5855263157894737,0.008552631578947369,0,0.04393394474053218,0.13853194878287056,0.15284989595028128,"[0, 0.2078490930322536, 0.3760753234051604, 0.7707250646450025]",0.10999999999999942,1,103,67,20,0,0,2,0,44,2
382,211.0,1,275,84,21,0,0,0.027559055118110236,0.5859580052493438,0.01115485564304462,0,0.04495008627712669,0.1295796300336084,0.15469075613020963,"[0, 0.20789506750240747, 0.3761585081017076, 0.7523170162034152]",0.08999999999999941,1,103,67,21,0,0,2,0,45,2
383,211.0,1,275,84,22,0,0,0.0281413612565445,0.5863874345549738,0.007198952879581152,0,0.04594221212169348,0.12060918649702429,0.15596954378965897,"[0, 0.2079409113379275, 0.3762414564322382, 0.7351821424657958]",0.06999999999999941,1,103,67,22,0,0,2,0,46,2
384,211.0,1,275,84,23,0,0,0.028720626631853787,0.5868146214099217,0.009138381201044387,0,0.046910974980588695,0.11162160076365224,0.1577011057178999,"[0, 0.20798662525496717, 0.37632416969253685, 0.7191803903345775]",0.049999999999999406,1,103,67,23,0,0,2,0,47,2
385,211.0,1,275,84,24,0,0,0.029296875,0.5872395833333334,0.013671875,0,0.04785694947710476,0.10261771620970861,0.15943158431318646,"[0, 0.2080322099638808, 0.3764066491678953, 0.7041923596449414]",0.029999999999999406,1,103,67,24,0,0,2,0,48,2
386,211.0,1,275,84,25,0,0,0.02987012987012987,0.5876623376623377,0.012987012987012988,0,0.048589630195459255,0.0985888073590968,0.15943195205583358,"[0, 0.2080776661692855, 0.3764888961332245, 0.6901155459363474]",0.02,1,103,67,25,0,0,2,0,49,2
387,211.0,1,275,84,26,0,0,0.03044041450777202,0.5880829015544041,0.014896373056994818,0,0.04911097126467773,0.09951987896141827,0.15803754355628746,"[0, 0.20812299457012226, 0.37657091185316555, 0.67686138618825]",0.02,1,103,67,26,0,0,2,0,50,2
